-47,-52,8,-37,-10,-16,-4,2,-13,14,-44,-53,-12,-53,-53,-52,15,-15,-26,20,-35,-22,-34,-42,-30,-38,15,-36,10,-39,-11,-37,-38,-18,-14,-21,1,-54,13,-38,-12,-54,-50,-14,-12,-27,-27,-25,-25,-42,-9,-24,-33,-54,-55,-23,-25,-16,-30,-3,23,-52,-28,-15,9,-26,-14,-36,-40,17,-21,1,-25,14,-19,-15,-15,-17,-54,2,19,-53,-58,-20,7,9,6,23,8,25,12,-50,-13,-43,-37,-58,-27,19,-28,-32,19,-53,-29,-58,-58,-35,-50,-23,-20,-28,-35,-58,16,1,21,-53,16,0.5,14.25,11.5,12.5,-3,14.25,7.5,-13,8.5,3.5,4.25,-10.5,19.5,5.25,0.75,2,17.5,3.75,0.75,17.75,9.75,17.5,9,22.25,15.25,-13.5,8,5,16.75,1.25,-7.25,5.5,-11.75,15.5,22.75,7,14.25,17.25,7.75,4,16,-29,-37,-23,13,-18,-10,-31,-31,7,-45,-17,17,-37,-58,-34,-3,4,-45,12,15,4,-31,-19,1,6,-28,-9,6,10,10,-12,-28,-28,-15,-32,-32,-36,7,9,-19,-35,1,-29,-15,-24,-27,-33,-35,-22,9,-33,-7,17,10,-30,-58,-31,-31,-30,-23,-58,-21,-12,-17,-17,9,-44,-19,-10,0,-16,-17,18,-19,-5,-15,-32,-23,-16,-23,22,-1,-29,-30,-58,-24,-24,-28,-58,-58,-10,-18,-18,-58,-24,-34,-14,-13,-29,-25,-23,-27,-4,-33,-37,14,-29,0,-23,-58,-58,-30,-15,20,-31,-30,-23,-58,-21,-12,-17,-17,9,-44,-19,-10,0,-16,-17,23,14,-5,-15,-32,-23,-16,-23,29,-1,-29,-30,-58,-24,-24,-28,-58,-58,-10,-18,-18,-58,27,-34,-14,-13,-29,-25,-23,-19,-4,-33,-37,14,-9,0,-23,-58,-58,-15,14.25,-2.5,-7.5,9.25,19,9.25,-3.75,-13,20.5,20.5,11,20,0,5.25,-27,-2.75,-18.5,17,-5.25,-5.25,0,14.75,-2.25,18.25,-21,3.75,-0.5,6.75,-22,-2.25,13,13,-15.75,-24.75,-24.75,18.25,9.25,9.25,0,-15.25,0,-5.5,14.25,6,-27.5,-25.5,-5,0.5,-15,-15.75,7.5,5.5,-1,0,16.5,10,6.75,11,-51,20,17,-22,13,23,1,19,-56,3,17,20,17,6,-46,-8,-24,7,21,25,17,17,-48,21,21,6,19,-55,22,16,25,24,-52,18,19,8,-53,22,21,18,18,-3,17,-13,18,-54,14,21,23,-52,17,-50,8,9,-53,-50,-49,1,-4,12,12,-44,3,22,23,-50,-20,14,-45,25,16,-9,-51,26,16,-32,-55,-1,9,18,-53,-54,20,20,17,18,15,23,-9,10,-45,-46,22,20,22,17,23,19,18,17,14,18,12,-44,13,18,-29,-23,23,-36,23,26,20,-19,7,-55,16,12,22,-53,23,10,-29,13,-46,19,-53,25,19,-39,19,-11,20,-53,-46,-33,-54,-35,-50,-54,-40,-37,-27,-50,-52,-49,15,-28,18,-58,-37,-21,-10,-39,-30,-8,20,25,-58,22,34,32,-35,22,-53,12,33,10,-33,-46,-48,-52,-53,32,25,-35,-32,-38,-32,20,25,17,15,-21,9,-21,-37,2,19,16,-58,-53,-29,-34,-52,-23,-10,26,21,-50,-34,2,-36,-5,14.75,8.25,5,-11.5,11,19.25,20.75,5.5,-49.5,7.25,19,23.75,17.5,10.75,18.75,20,16.25,19,22,17,18.75,25.75,0.25,16.25,17.25,17,16.25,22,18.25,-58,16,18.75,8.25,12.5,9.5,19.25,10.25,18,18.25,19.25,11.5,17.5,16.75,23,16.5,4,18.25,15.5,15,18,17.5,8.5,19,-12.25,8.75,17.25,-10.25,19.5,17.75,17,19,16.25,16.5,16.75,20.25,8.5,4.5,-1,46,33,25,41,9,-3,37,8,-11,-5,17,8,-9,-12,5,40,-32,7,21,20,-9,33,4,34,5,4,-3,33,31,13,24,35,-13,5,-8,32,29,34,36,-2,28,-30,-1,24,37,36,29,37,9,18,25,32,0,20,-8,22,35,30,25,36,36,35,42,44,41,8,2,36,-12,-36,45,25,37,43,39,-18,40,35,22,24,21,25,4,45,8,38,33,44,31,40,43,38,30,41,40,45,-12,34,44,39,42,33,37,-8,33,27,37,48,24,0,27,37,38,24,-11,36,31,44,34,36,29,32,32,47,39,-36,-36,-36,38,-36,36,-36,-36,-36,35,-36,-13,-12,-6,11,20,39,47,-36,36,-4,7,-36,-7,-36,-11,17,51,40,40,-15,43,10,-17,31,20,31,-26,42,38,37,35,16,43,34,-6,42,19,31,19,40,10,42,40,57,39,41,48,23,48,22.75,0,38.75,29.5,39.25,32.25,7,30.75,28.75,36.25,35.5,3.25,28,33.5,16.5,18.25,0,34.75,0,33.25,20.5,19,19.25,36,17.75,35.5,27.5,34.5,34,0,33.75,11,0,6.5,5.5,35.75,9.75,0,18.5,32,27,23.25,38.75,27,24.25,19.75,1.5,35.5,31.5,3,9.5,39,20.5,28.5,9.75,0,30,34,28,21.5,28,0
-36,-37,-37,-42,-26,-37,-36,-27,-39,-31,-20,-39,-31,-32,-56,-41,-40,-15,-4,2,-30,-12,-29,-37,-24,-16,-5,-30,-35,-33,-36,-33,-25,-34,-31,-29,-24,-32,-31,-36,-62,-57,-36,-32,-55,-25,-13,-20,-62,-15,-33,-30,-21,-26,-34,-62,-62,-32,-62,17,-11,14,-36,-62,-15,-62,-21,-20,-13,-39,-26,-25,-37,8,-25,-62,-33,-33,-14,12,-2,14,-62,17,0,13,29,21,9,-1,24,13,12,21,-1,0,-40,10,-15,-20,12,9,16,11,4,-26,4,-14,-2,-4,-17,11,5,16,7,6,24,9,-8.5,17.25,13.25,1.25,4,9.25,-1.75,-0.25,-2.75,3.75,2,15.75,-11.75,-0.5,0,9.25,-19.25,5.25,15.5,10.25,12.5,12.75,17.75,9.5,-6.25,14.75,12.5,19.5,-1.75,-6.25,10.25,0.5,-6.75,17.5,5,11.25,8.75,4.75,-37,-10,-29,-36,-27,-22,-38,-29,-40,-40,-38,-29,-24,-39,-38,-36,-26,5,-37,-24,-62,-30,-22,-36,-36,-29,-37,-37,-33,-34,-30,-30,-35,-31,-31,-37,-39,-39,-38,-33,-34,-32,-36,-35,-29,-40,-35,-32,-28,-41,-32,-23,-34,-36,-34,-25,-33,0,21,-33,7,-30,-62,-62,-34,-31,-31,-62,-62,-17,4,-35,-23,6,-25,-28,-62,-62,-11,-17,-62,-62,-62,-14,-11,-29,-22,-62,-62,-35,-62,-62,-17,-62,-62,-62,-28,-62,12,-62,-62,-27,-28,-17,-62,-37,-40,-34,-62,-30,-62,-17,-62,-37,-2,30,-33,7,-30,-62,-62,-34,-31,-31,-62,-62,-17,4,-35,-23,6,-62,10,-62,-62,-11,-17,-62,-62,-1,-14,-11,-29,-22,-62,-62,-35,-62,-62,-17,-62,-62,-62,-1,-62,12,-62,-62,-27,-28,-3,-62,-37,-40,-34,15,-30,-62,-17,-62,9,16.5,0,-5.75,9.75,14,5.5,-6.75,10.25,4,4,2,8.75,8.25,7,14.25,-8.75,0,9.5,-5.75,-16.5,-6.5,8.5,-15.75,15.25,-25.25,0.75,-4.5,-21.5,0,-17,-5.75,-5.75,-13.75,-28.25,-28.25,13.5,10,10,-2.5,-4.5,-1.25,-2.5,4.75,0,-17.75,-12,-1.5,1.25,-7.5,-13.75,7.25,9.75,-5,-3.75,19,-1.75,-4,17,19,17,-8,1,20,26,-19,-6,-46,-62,18,27,-31,11,22,20,-31,16,25,26,21,16,8,20,18,12,15,16,22,13,17,20,11,20,-3,16,15,22,21,27,-37,-40,18,17,22,16,-9,-2,9,-2,22,20,-39,17,10,22,-58,17,-36,26,19,20,31,17,10,20,20,-5,16,15,10,-54,2,20,-1,-29,-45,17,23,13,24,1,20,25,23,19,16,11,21,-7,19,23,15,21,17,-1,25,21,18,21,2,16,19,-11,12,19,22,14,28,18,-32,17,17,16,22,-9,29,13,15,21,17,12,21,-31,9,23,22,23,30,-44,11,22,14,21,13,11,13,6,13,20,23,-7,14,28,-49,9,12,12,9,8,13,16,24,26,2,-62,8,15,13,13,17,-4,0,1,12,16,17,14,-23,8,1,14,-47,17,14,12,-20,19,14,14,24,12,20,30,29,1,-23,26,16,-10,-5,4,15,23,18,14,7,19,7,17,15,26,15,-3,-62,12.75,15.5,-6,2,17.5,16.75,10.75,-40.25,4.25,11.25,14.5,17,4,14.25,15.5,8.75,14.5,13.5,19,16.25,16,7.25,12.5,10.5,11.5,15,10.5,12.5,-62,6.5,14.5,1.25,-1.25,-3,11.75,11,15.75,14.75,12.75,2,16.75,18.25,13,10.75,0.75,13.5,13.75,9.25,10.25,13,-11.75,16,-17.5,11.5,13.25,13.75,12.5,8,10.75,17.5,13.25,10.75,16,13.75,-11.75,10.25,-40,-35,19,-25,13,-38,-6,-41,12,-35,-36,-34,-35,-35,1,-20,-30,-35,-37,-35,-38,-36,-12,-18,-25,-37,-41,-31,-39,-35,-3,-31,-34,-10,-38,-22,-38,-1,-25,-33,-20,-33,-36,-16,-39,-25,-23,2,-12,-39,-19,-36,-6,-19,-26,-35,-29,-34,-7,-1,-18,-19,-22,-10,18,9,-3,-33,-20,-25,10,9,19,-24,16,21,-52,-16,-14,10,6,8,-24,11,17,17,-6,27,9,12,-16,16,4,-19,11,4,-10,23,-38,-7,14,-26,15,-21,12,20,-4,12,-11,15,14,-9,-27,11,-24,-15,13,8,14,-8,0,5,-12,13,10,8,2,-1,-16,-64,-27,17,17,5,-34,14,17,13,2,-16,16,17,26,-9,-7,7,-7,22,0,30,16,7,-41,7,9,-64,11,-28,25,-4,-34,-64,-17,4,16,-14,14,13,-12,3,10,-1,11,-1,-37,-64,5,5,11,18,18,22,22,-8,-8,12,-3.75,4.75,0,2,10.5,0,-12.25,8.5,4.5,9.25,13.75,0,0,1.25,2.75,-2.5,0,10.75,0,9.75,-5.25,0,3,13.25,-3.25,13.25,0.75,14.5,0,0,10.75,-7.75,0,3,-13.75,3.75,-1.75,-10.25,4.25,12,0,-4.5,0,8,7.5,-4.75,-11,13.5,7,-1,-8,13.75,-5.5,4.75,-15.75,6,2,0,6.25,-2,3.75,0
5,-13,-10,-11,-32,14,-1,12,-16,11,-3,-6,-9,-5,-11,-11,5,0,13,-4,-12,-2,11,-28,5,17,24,4,-5,20,-3,-7,-9,8,3,-4,-4,0,28,-13,40,-29,0,-36,15,-24,2,10,3,-13,0,-36,-36,7,-36,-9,-8,-3,-16,33,47,1,10,0,14,21,-11,-5,-1,18,34,24,30,17,-36,-36,-4,-14,-16,-27,-14,-30,-3,-30,-29,-32,-18,-36,-16,-16,-15,-19,-15,-23,-17,-15,-8,-17,44,-16,-29,-31,9,-18,-4,-14,-17,-17,-15,-13,-14,-15,-16,2,-11,-15,-26,-13.25,-8,-10.75,-10.25,-12.5,-13,-3.75,-11.75,-14,-13.25,0,-16.75,-6.75,-14.25,-13.75,-14.75,-14.5,-12.25,-14.75,-10.5,-13.5,-10.25,-2.75,-6.25,-7.75,-13.75,-8.5,-10.5,-4,-2.5,-15.25,-13.25,-17,-10.75,-4.5,-8,-7.5,-1,-8.5,-7,12,-14,-14,-11,-7,2,-3,2,2,-5,6,-6,9,-12,-4,9,-2,-1,-5,19,2,1,16,-11,4,-11,-3,10,-12,9,9,-14,-5,-5,-11,-14,-14,-5,2,-7,5,-8,-7,-8,-11,-9,-7,3,-14,4,-4,-1,-1,16,4,0,35,6,-32,18,-2,21,5,16,4,4,5,-36,-5,9,26,21,7,4,11,10,-8,32,-7,18,-4,21,-2,4,-36,12,8,8,-14,18,18,1,-36,-36,-36,26,-36,-1,-13,13,-10,16,12,-36,-4,-5,-18,16,29,29,12,-21,4,24,-21,-32,18,-2,21,5,16,4,4,5,-36,-5,9,26,21,7,-9,-6,10,-8,32,-7,18,-4,-17,-2,4,-36,12,8,8,-14,18,18,1,-36,-36,-36,17,-36,-1,-13,13,-10,16,-11,-36,-4,-5,-18,29,29,29,12,-21,0,-7.25,-14,-13.25,-10,-13.25,-13.25,-8,-13,-5.75,-5.75,-10.5,-7.75,0,-7.5,-13,-12.25,-14.5,-8,-11.75,-11.75,-10.75,-4.25,-14.75,-14.25,-15,-13.25,-13.25,-10.25,-16.75,-13.5,-13.5,-13.5,-13.5,-16,-16,-7,-9,-9,0,-14.25,-10.75,-13,-5,-10.25,-15.75,-14.5,-11.5,-11,-16.25,-16.25,-11.75,-3.25,-14.25,-12.5,-11.75,-11,-11.75,12,-8,21,18,23,-23,49,5,-8,-16,33,-10,14,-29,29,32,-22,-5,24,36,28,39,37,-22,-29,36,2,46,35,-12,41,45,45,26,35,27,2,46,32,-6,35,18,-17,43,30,42,-1,-23,6,-27,-25,31,34,-9,16,-27,2,-32,34,-12,-13,46,27,41,-8,35,34,-13,-7,-16,31,31,-12,-17,47,-11,-12,-9,35,40,30,31,24,-14,-24,-15,37,32,40,6,37,-32,-23,27,33,33,-18,46,23,37,46,-16,38,20,-29,-34,46,28,33,30,17,16,37,29,29,33,34,45,3,30,0,37,-11,-5,16,-20,39,-7,33,46,-9,39,-9,-1,0,-6,-17,-15,-16,-27,-15,-19,-11,-12,-30,-17,-26,-17,-17,-17,-22,-26,-13,-17,-14,-28,40,-17,-18,-32,-28,28,-32,-9,-12,-32,-18,-31,-17,-16,-17,-29,-31,24,-27,-17,-10,-18,-18,-16,-14,-11,-30,-22,-19,-30,-32,-17,-17,-32,-12,-18,-15,-31,-18,-27,-17,-22,-21,-16,-26,-25,-17,-15,-0.75,-36,-6.5,-4.5,-14.25,-5.75,-0.75,-10.75,-14.75,-18.5,-4.5,-1.25,-36,-2,-10,-3,-9.5,-2,-4.75,-11.5,13.5,-12,-9.75,-9.75,-5.5,8,-7.5,-8,-10.25,-36,-36,-2.5,1.5,-14.5,-7,-11.25,-8,-13.5,3.5,3,-7.5,-8.25,-10.25,-0.5,4,-14.5,-9.75,-1.75,-2.5,2.25,0.5,-4.5,-3.25,-4.25,-16.25,2,1.25,-9.75,-3.5,1,-6,-8.5,-6,-6.25,-6.25,0,-3.25,-11.5,-30,-14,13,-4,13,-9,-4,-17,-8,-27,-32,-9,-26,-7,-37,-22,-11,-35,-6,-35,-17,-15,-29,-32,-34,-2,-35,-28,-27,-19,0,-6,-24,-3,-29,-20,-27,-2,-25,-36,-15,-35,-26,-10,-26,-10,-3,-3,13,-2,-30,1,-7,-38,-24,-6,-36,1,10,1,-15,-9,-10,1,8,4,-37,-14,-16,8,13,1,-34,-4,2,-5,0,-28,-4,1,20,-13,-38,-27,11,19,-21,26,-11,-24,-7,-4,14,-5,14,1,-16,7,-23,0,16,-3,-19,-1,-39,8,-36,6,8,-17,15,-14,-27,14,-19,-17,-36,-1,1,-7,8,-14,-23,6,-15,14,-52,21,-59,-17,-36,-59,5,-59,13,14,-11,-59,-29,-29,-40,26,-11,13,12,-36,12,-59,-59,-15,-25,-3,-30,-39,10,-38,-35,-1,-59,6,-40,-34,-39,-38,-40,-36,-38,-40,3,-35,25,-41,15,-41,-34,-3,-31,-31,-51,9,9,11,11,-37,-37,-53,-37.5,-29.75,-25.5,-31.5,-35,-37,-38.5,-37.5,-34.25,-35.5,-34.25,-35,-34.75,-28,-35.5,0,-35.25,-23.75,0,-33.5,-36.25,-32,-32.25,-23,-37,-25,-29.5,-32.25,-33.5,0,-32.75,-37.75,0,-27.75,-39.25,-31,-37.5,-36.25,-33,-29.75,-27.25,-37.5,-27,-30.25,-34.75,-36.75,0,-34,-37.25,-38.25,0,-33,-32.75,-33.25,-35.75,-33.25,-36.25,0,-27,-35.5,-33.5,0
-21,-43,-35,-31,-43,-37,-44,-27,-36,-29,-45,-26,-28,-35,-40,-39,-34,-42,-41,-38,-37,-14,-23,-42,-29,-15,11,-25,-38,-31,-27,-41,-41,-31,-37,-36,-16,-34,-15,-64,5,-12,8,-14,-64,-31,-29,-31,-25,-61,-12,-34,-15,-31,-31,-64,-33,-36,-15,11,16,-19,-31,-34,16,-64,-34,9,-18,-21,-64,-64,14,10,-26,-64,-26,-27,-27,12,-20,-34,-64,-17,-64,34,-41,-6,16,-8,-33,7,30,0,-64,-64,-59,-15,-13,3,-38,12,11,19,-12,-39,-21,-43,-41,-35,-64,2,-6,-64,12,-13,7,6.25,0,-6.5,9.5,0,0,8,-1,5.5,0,0,-1,15,13.5,-1.75,0,-4,-0.5,-1.25,14.25,9.5,17.25,-7.75,13,9.25,-9.75,17.5,8.25,10.25,0.75,-14.25,16,2,-5.25,17.5,14.5,5.25,-14,0,-38,-37,-46,-31,-43,-41,-32,-31,-41,-41,-33,-41,-43,-31,-43,-40,-38,-41,-31,-34,-32,-24,-30,-19,-45,-40,-35,-41,-32,-23,-37,-37,-44,-41,-41,-42,-37,-37,-43,-29,-27,-38,-40,-44,-43,-39,-43,-38,-40,-38,-39,-38,-30,-37,-26,-35,-38,-64,-15,-4,-21,-20,-14,-17,-12,-34,-34,-64,-5,-40,-33,-64,-14,-28,-16,16,-38,-64,-32,-64,-35,-14,-24,-27,-28,-16,-32,-64,-64,-43,-64,-64,-64,-64,-64,-32,-23,-64,-23,-64,-26,-27,-7,-32,-64,-37,-36,-36,-64,3,-27,-64,-64,8,-14,-8,-4,-21,-20,-14,-17,-12,-34,-34,-64,-5,-40,-33,-64,-14,-28,14,5,-38,-64,-32,-64,-35,-14,-64,-27,-28,-16,-32,-64,-64,-43,-64,-64,-64,-64,-64,-32,-35,-64,-23,-64,-26,-27,-7,-64,-64,-37,-36,-36,5,3,-27,-64,-64,-6,12.5,-13,-4,10.75,11,5.5,-5.25,-8.75,-2.5,-2.5,6.5,9.5,0,-3.75,-22,-14.25,-10.75,8,2.25,-14.5,0,12.5,0,7.75,-36.75,0,0,-23,-27.25,-14.5,-16.25,-16.25,-6.25,-24.5,-24.5,15,6.5,6.5,0,-10.25,0,-4.5,5.25,1.25,-24.25,-18.25,-20.5,-3,-9.5,-8.5,4.25,12.5,0,0,13.25,-7.25,0,-10,18,9,-7,-4,-19,24,-39,-27,-43,7,-2,8,30,10,8,13,25,12,2,3,17,0,1,17,10,10,15,14,11,10,14,27,-6,14,13,18,10,17,19,10,14,-41,10,11,15,14,2,-1,13,12,15,16,-39,-10,21,11,13,0,-38,13,8,12,4,14,20,16,13,4,17,8,8,13,2,19,1,-17,-59,2,4,-3,15,7,23,13,19,-1,10,17,13,3,11,22,15,7,14,13,17,14,2,18,-5,9,8,-6,10,29,26,-1,15,16,1,15,8,9,15,4,16,2,-6,19,10,12,9,3,10,5,19,17,10,12,10,13,7,19,1,-43,-35,-45,0,-35,16,-54,-8,-37,15,-32,-38,-18,-4,-17,3,5,0,-16,7,22,-10,-34,22,9,-64,-9,-2,8,-6,9,13,26,-3,-28,-7,-1,10,11,16,-40,-39,-52,10,-26,1,5,13,7,4,7,-20,-4,8,-64,-7,-32,-11,-35,4,12,-33,8,6,10,-19,-4,-40,-5.75,-64,1.25,8.75,-1.25,11.75,13.75,12.5,10.25,-54.25,10.5,8,-64,12.25,-10.75,7.25,10.5,7.25,9.75,11.25,6,6.25,12.25,-6.25,8,10.5,9.25,-64,8.25,15,-64,20.5,14.75,3.75,-16.25,-23,7.75,8.75,7.25,12.25,8.25,8,-0.25,8.25,15.75,11.75,-18.75,12,14.75,8.75,13.5,7.5,5.25,8.75,-16.25,-0.5,9,16,-5,8.25,11.5,11.5,12.75,9.75,1.75,5.75,5.25,4.75,15,16,58,5,55,3,36,10,25,11,7,6,-2,2,9,-1,1,5,23,5,7,13,3,25,16,27,10,31,1,16,30,5,6,2,6,4,3,7,19,4,4,8,11,11,5,8,17,16,24,3,26,7,7,-1,1,7,10,4,23,8,10,27,27,30,59,38,51,67,28,27,34,43,47,52,48,52,54,22,52,55,57,39,21,36,44,56,40,59,24,67,41,43,44,30,39,41,33,67,27,28,55,41,49,31,57,49,28,33,34,49,57,23,9,50,42,25,46,49,59,44,48,24,20,43,38,22,53,49,26,54,-1,53,7,65,-22,42,-22,11,-22,64,32,53,60,20,3,44,3,-22,-22,-22,-22,54,-4,61,51,32,49,-22,24,53,5,-13,6,72,28,44,40,30,38,15,54,14,52,14,3,56,57,57,45,47,47,21,21,59,59,46,40,0,0,36.75,51.5,20,35.25,46.75,43.75,46.25,53,18.75,40.75,42,42.25,39.25,0,48.75,52.5,36.5,49.5,36,43,50,32,55.75,49.5,51.25,0,0,56,4,0,40.5,17.25,42.75,30.75,34.75,32.75,50.25,50.75,48.75,49,39.25,41.25,37.25,0,51.75,45,28,23,55.5,21.5,40.5,24.75,50.25,45.25,0,44.25,34.75,42.25,0
-36,-44,-17,-5,-34,-27,-52,1,-33,-16,-34,-31,-37,-29,-39,-26,-16,-38,-31,17,-32,1,5,-48,-5,-24,-18,-33,-45,-22,-46,-27,-17,-31,-30,-31,5,-42,-20,20,-22,-57,-30,-13,-53,-45,-1,24,19,-35,-59,25,-59,-3,-56,12,-28,-26,-59,19,2,18,-18,-28,21,-19,12,24,19,-25,21,-9,-38,8,16,11,-27,-2,-59,24,4,22,13,5,-55,15,11,20,-40,20,8,0,-8,28,-59,-59,-34,14,-29,5,12,-52,18,-8,15,15,27,3,21,-14,17,16,28,-19,16,-53,13,11,13.75,-4,9.5,12.5,19,11.75,3.5,11.25,5.25,2.5,4.75,20.25,10.25,9.75,20.75,0,-9,11.75,17.75,17,14.5,14.75,17.75,19.5,-2,19,9.75,22.25,-3.5,4.25,-5.5,3.25,5.25,20.25,16.25,14,10.25,20.75,-32,-25,-36,-35,-25,-18,-8,9,-23,-23,-4,-3,2,-59,-34,-16,-38,-34,-28,-35,-23,3,-5,-29,-35,-13,10,-33,-16,-26,-33,-33,-34,-30,-30,21,-36,-36,-36,-2,-28,-37,-21,-33,-29,-34,-35,-29,-38,-33,-39,-33,-33,-28,3,-12,-21,-59,0,-59,-3,-24,-59,13,-3,-59,-59,17,0,-59,-24,-1,-29,-4,-14,21,-51,-59,-34,15,-10,-27,2,9,-15,-2,-21,-59,-59,-24,-59,-59,-59,-16,-16,-28,-31,-59,-15,-25,0,-25,20,-59,-59,-7,-23,-20,-26,-59,-22,-20,14,-59,33,19,-59,-3,-24,-59,13,-3,-59,-59,17,0,-59,-24,-1,-29,-4,-16,33,-51,-59,-34,15,-10,-27,15,9,-15,-2,-21,-59,-59,-24,-59,-59,-59,-16,-16,-28,-16,-59,-15,-25,0,-25,20,-34,-59,-7,-23,-20,17,-59,-22,-20,14,-4,13.75,-4.75,-12.75,13.25,19.5,17.5,-2.5,9.5,22.5,22.5,12.25,3,0,8.75,-2.5,2.25,-4.25,16.75,6.5,-7.5,0,8.25,15.5,16,-18.75,7.75,0,-23,-18,5.5,1.75,1.75,-12.75,-17.75,-17.75,3.5,14.25,14.25,0,-1.25,3.25,5.5,16.75,12.25,0,-13.5,1.75,18.25,-4.25,-7.25,14.5,23.5,3,-0.75,17.25,1.25,0.75,24,22,23,6,-44,5,28,-33,20,-50,14,16,16,22,19,24,27,24,17,27,30,19,23,10,22,19,22,22,32,36,18,17,23,1,21,20,19,23,24,20,23,21,-38,19,23,20,19,16,15,34,22,18,26,-35,4,23,16,15,25,-37,29,18,21,17,23,20,26,12,17,21,16,31,-12,13,23,16,20,-54,-11,17,20,20,17,15,25,26,18,23,21,21,13,18,18,20,27,20,28,21,18,26,24,15,19,25,-47,26,24,34,26,20,22,19,23,27,29,22,19,22,18,23,27,15,12,19,24,17,15,23,28,16,0,20,22,24,27,20,15,-51,29,25,-26,6,26,19,-53,-39,-34,18,12,20,25,9,9,23,25,-16,22,31,28,-40,18,3,-7,22,-9,-36,13,22,33,1,8,30,23,7,21,23,20,-36,23,29,19,31,20,26,23,20,27,-31,23,-38,4,31,-50,13,19,10,26,18,13,21,7,21,23,-7,10,-59,19.75,16.5,1.25,-3.25,22.75,22.25,19.25,-34.75,17.5,18.5,19.75,23.25,14,19.25,18.5,18.75,17.5,17.25,15.75,17.5,24.25,-18.25,17.5,17.75,16.75,16.25,16.5,19.25,-59,17.75,22,8.75,5.5,8,22.5,17.5,21,19.25,18.75,14,18.75,17,18.5,19.75,18,11.5,19.75,19,18,23.75,9.75,21,-10.5,6.75,18.5,19.25,19.5,20.75,16.75,19,17.75,17.75,23.5,17.75,9.75,14.25,-40,-39,20,-42,23,-36,13,-38,-2,-36,-33,-23,-40,-40,-45,-37,-42,-34,-41,-34,-36,-38,8,13,-34,-2,-64,-30,-22,-29,-20,-27,-24,-29,-40,-39,-40,-28,-7,-38,-19,-40,-24,-29,-41,-42,-38,-9,-13,-31,-41,-24,7,-39,-42,-28,-35,-36,5,-16,-15,14,-8,-15,19,4,16,1,0,11,13,19,16,-7,15,19,15,-27,25,26,19,14,-35,10,11,20,4,22,7,18,0,17,6,-5,10,1,7,20,12,-17,20,0,16,-15,24,17,0,-5,-2,23,17,-16,-23,14,-11,-10,21,8,21,-3,16,13,-21,24,20,15,12,11,11,16,-10,7,12,-22,17,10,-2,-33,-45,-9,-44,-1,10,-16,-14,10,-14,3,13,11,-36,24,-64,10,17,14,13,4,-30,22,-39,4,-27,11,14,-7,18,6,4,16,15,-25,13,-25,-21,17,21,21,-5,17,17,11,11,5,5,28,2.75,14.25,0,9.75,10.75,-7.25,-2,2.5,4.5,14.5,14.25,-8.5,6.5,7,-1.25,5.25,-9.75,8,10.75,15.25,9.25,0.5,5.75,9.5,-3,12,13,10.5,0,0,11.25,-12.25,0,9,-11.25,7.25,-11.5,4.5,-19,11.75,12,-3.25,14.25,10,-2.25,3.75,-14.25,10.5,15,-11.25,-2.5,11.75,-6,6,-14,11.5,2,0,7.75,-21.75,0,14
3,-22,22,21,3,-8,-9,44,6,22,5,-3,2,7,-16,-14,-2,14,5,42,6,53,2,3,32,11,45,-1,16,24,-2,-2,6,7,16,25,42,-1,7,7,2,-13,25,19,-3,5,-22,-1,21,14,-22,-22,10,10,-19,-22,-22,7,14,38,13,0,2,-22,31,6,31,3,-22,-2,0,27,-22,8,14,34,21,11,-22,-22,50,-14,-22,28,11,50,19,53,54,-2,0,43,32,53,18,51,-10,54,42,22,56,-15,5,43,1,63,25,24,50,56,11,59,42,56,3,-22,-22,14.25,22.75,28.5,28,26.25,20,16.75,6.75,14.75,12,13,5,24.25,14.75,22.25,0,0,8.25,14,23.75,21,31.25,24,27.75,31.5,0.75,16.75,27.25,27.5,10.75,13.5,15.5,16.25,20.5,32.75,29.75,25.75,25.75,16.5,8,43,-15,13,10,11,10,3,5,5,51,2,8,-22,5,15,48,39,6,-1,7,43,40,-2,12,30,23,18,13,30,8,8,2,33,33,10,-1,-1,4,9,36,9,6,38,1,-1,1,13,5,-5,-2,44,2,33,5,9,57,8,13,-22,14,6,39,9,12,7,7,32,9,6,-12,3,14,17,27,24,5,-22,-22,13,-22,19,12,8,-22,11,0,-22,-22,2,16,16,13,-22,-22,-22,57,-22,-22,-22,49,6,0,-6,-22,-22,1,-1,14,30,3,6,27,26,42,51,-22,14,6,39,9,12,7,7,32,9,6,-12,3,14,17,52,51,5,-22,-22,13,-22,19,47,8,-22,11,0,-22,-22,2,16,16,13,-22,-22,-22,28,-22,-22,-22,49,6,0,23,-22,-22,1,-1,55,30,3,6,27,70,28.5,10.5,13.75,17.5,33.75,12.75,0,18.5,27.5,27.5,16.25,30.25,17.75,11.75,19,7,3,28.5,8,14.25,8.5,30.75,6,29,1,18.75,9.25,4.25,2,2.75,16,16,12.25,0,0,18.25,20.25,20.25,0,9,9,11.75,27.5,14.25,2,5.25,12.5,12.75,0,-0.25,17.25,28.25,25,9,16,21.25,15.25,28,58,61,61,43,56,62,1,26,18,20,51,56,15,54,46,56,-9,59,51,53,60,62,7,58,59,59,66,62,61,46,63,61,60,53,55,61,53,59,64,56,54,0,56,63,56,57,31,61,37,-11,55,58,8,37,-5,19,47,37,0,56,51,55,57,56,43,58,54,60,-19,46,58,37,30,73,40,10,-18,54,50,48,53,46,41,62,69,53,56,56,56,50,-15,-12,58,55,64,51,68,55,57,65,10,58,56,-19,54,60,55,54,60,52,50,60,55,41,41,62,58,51,55,58,59,44,6,54,57,49,57,59,59,53,61,60,43,58,53,-1,5,-5,-12,-18,-13,0,58,55,7,-2,-12,-18,-15,22,-9,-16,49,-17,43,54,-10,54,-16,-8,58,-15,52,48,49,0,55,59,52,58,-13,-16,65,48,51,1,1,-2,55,67,61,47,56,62,61,-14,-2,1,-12,-2,42,50,43,56,58,1,-11,-7,33,-4,53,1,-1,28.75,-22,31.5,26.75,17.25,19.25,25.75,28.25,22.5,-12.25,14.25,31.25,26,30.5,26.25,31,29.25,28.75,28.5,27.5,29.5,21,21.75,8.75,29.75,32.5,24,25.5,27,28.75,-22,31.25,30.5,10.5,30.75,12.25,18.5,24.25,32.5,31.25,32.25,10.75,22.75,30,35.25,27,16.5,30.75,31.5,19.75,25.75,29.75,32.25,28.25,8,21.75,33,18,28,29,28.25,29.25,25.25,24.75,28.75,29.25,32.25,18.5,-17,-11,46,23,36,14,19,-18,21,24,7,1,-14,13,18,-1,-13,-40,-4,-40,-16,-16,-16,2,-4,21,2,-14,-10,5,-20,2,4,26,-16,1,-21,24,4,-8,28,-16,-4,-5,-6,6,8,24,12,-7,0,29,15,-12,-12,-12,-16,9,18,21,4,33,17,12,44,40,39,-14,19,37,38,35,34,28,4,40,24,26,45,32,27,23,-16,-14,37,50,-1,39,30,44,22,16,32,34,33,34,33,28,-19,0,30,38,42,-4,28,38,31,28,19,36,7,5,-1,25,28,17,-17,27,27,30,33,27,19,36,36,39,36,28,-4,0,-12,40,32,-40,33,27,17,-40,-40,0,-16,37,42,1,42,12,42,-40,-8,37,-35,2,-16,8,31,32,24,0,-4,16,16,12,-19,-7,26,28,-23,55,5,30,40,5,35,5,-16,24,-12,-12,38,25,25,25,25,-12,-12,45,-3.25,1,10.75,-7,-2,4,-12,-4.5,2.5,2.5,5.5,0.25,3,-0.25,-10.25,-9,0,1.5,0.75,13,-3.25,8.75,-0.75,11,-6.75,11.75,9.75,12.5,0,0,7.5,-19.25,0,-4.5,-19,3.25,-17.75,-13.25,-15.25,13.5,7.75,-4,11,-1.75,0.75,-8.75,0,3,0,-6.25,0,6.25,0,0.25,-11.25,4.5,-3.75,-8.5,1.25,-12.75,-7.5,8.5
-33,-64,-37,-34,-38,-22,-21,-9,-38,-40,-33,-37,-41,-35,-32,-4,0,-23,-39,3,-33,3,-6,-55,-49,-50,-8,-35,2,-10,-43,-36,-28,-34,-22,-41,7,-36,-64,-61,-64,-60,21,-64,-14,-64,-64,6,-64,-22,-35,-64,-64,-21,-64,-64,-64,-36,-26,-61,-6,16,-64,-39,13,-64,-64,-24,-32,-37,-31,-64,-3,10,-64,-64,-31,-14,-42,-64,-4,-43,-64,-64,-43,12,-40,-64,-18,-18,8,-58,-64,1,-16,-37,-44,11,-38,13,14,-41,8,-64,-48,12,16,-26,32,-13,-21,11,-40,-32,-9,-51,12,3.25,0,-3,9.75,-7.25,6,8.25,-16.25,1.25,-2,0,5.5,11.75,5,-2.25,0,0,-1,6,9.5,3.75,12,-2,13.5,16,-15.75,8.75,-7.75,11.25,0,1.25,0.25,-9,-6.5,12,6,7.5,-1.25,7.5,-44,5,-64,-28,-19,-40,-37,-32,-13,-13,-11,-46,-24,-38,-7,-64,-2,-41,-24,-31,-26,-14,-32,-42,-41,-64,-64,-23,-38,-31,-39,-39,-29,-32,-32,-8,-44,-44,-45,4,-14,-33,-41,-39,-32,-35,-41,-33,-43,-34,-38,-21,-33,-31,-21,-12,-36,-64,-64,-64,-5,-22,-32,32,-30,13,13,-49,-64,-64,-27,-64,-57,-64,-37,-29,7,-64,-29,-25,-18,-30,-64,-19,-64,-64,5,-64,-64,-64,-11,-11,-64,-49,-49,-64,7,-64,-64,-64,-39,-13,-23,-64,-64,-64,-39,-29,-8,-19,-64,-64,-30,-64,10,16,-64,-5,-22,-32,32,-30,13,13,-49,-64,-64,-27,-64,-57,-64,10,8,7,-64,-29,-25,-18,-30,-14,-19,-64,-64,5,-64,-64,-64,-11,-11,-64,-49,-49,-64,6,-64,-64,-64,-39,-13,-23,-64,-64,-64,-39,-29,-7,-19,-64,-64,-30,-3,14.25,0,-1,8.25,9,4.5,-4.25,-6,7,7,6.25,6.5,-7,4,4,-7.75,-22.25,6.25,-24,-17,-16.75,11.75,-5.75,12.5,-25,0,-3,-27,-31.25,-10,3.75,3.75,-19.25,-20.25,-20.25,9.5,4.5,4.5,-7.75,-2.75,-14,-1.5,6,0,0,-34,-27.25,2.5,-20,-11.75,4.25,13.5,-11.5,0,-2.25,-11.75,-2,26,19,25,12,17,15,22,-35,17,-53,12,10,9,20,13,17,23,21,14,11,26,21,19,-16,18,16,13,20,16,22,9,15,19,8,14,8,16,7,15,21,8,13,-8,14,19,14,10,11,16,16,5,11,12,-20,17,12,7,14,13,-34,22,15,16,17,15,16,12,19,20,15,17,14,11,12,14,14,4,-46,15,15,0,18,18,20,21,23,15,15,23,15,16,12,19,3,15,7,-58,14,18,16,14,12,14,12,-57,15,17,18,20,22,17,14,21,13,16,17,4,14,5,11,20,19,13,17,14,9,24,14,19,18,17,20,5,21,20,16,-44,-31,-18,-61,14,-45,-42,-36,-45,-39,-8,12,-64,20,12,-60,-47,-3,-58,-47,2,-3,20,-41,18,14,13,14,-55,-45,-43,17,8,-28,11,-43,0,-19,-45,18,-47,-40,-44,12,13,-39,21,21,26,-45,-51,-3,14,14,25,-46,-51,13,20,16,-64,-41,2,-41,18,15,14,-54,-21.5,-64,-11.25,2.75,-10.25,-12.5,7.75,7.25,9,-35.75,8.25,-13.25,9.25,14.5,7.75,9.5,7.75,14.5,5,9.75,13,11.25,8.25,-24.5,11.25,10.75,7.25,7.5,7.25,16.75,-64,9,12,-10.75,14.5,-14,11.75,3.75,12.75,13,10,-0.5,8.25,8,14.75,4.75,-1.25,7.5,1.75,5.25,16.75,10,11.75,16.25,-15,-0.5,9.5,4.75,-33.25,13.25,9.25,10,12.75,9,12.5,13.5,11.75,7,-1,6,54,14,44,2,15,-8,-31,-7,1,10,-7,1,43,-4,-12,-31,18,-31,7,-3,14,31,11,37,5,-3,-3,-4,34,-1,15,10,-8,5,-9,38,32,7,39,3,-7,-31,-4,20,42,19,38,20,-4,13,0,33,-7,-9,-7,11,28,23,-8,33,36,45,52,40,47,13,40,39,48,49,47,16,42,47,47,33,44,45,60,19,39,41,43,54,-31,48,42,51,37,38,40,31,29,39,24,47,45,42,53,38,52,43,53,40,29,46,25,43,43,17,-2,50,29,33,54,45,39,41,43,42,26,39,45,-31,46,45,-31,33,2,-31,33,-31,-31,54,-31,-31,-6,11,-5,45,53,2,-31,64,-31,47,-31,32,-8,-31,-5,44,49,-31,57,-31,35,13,-11,3,51,49,-31,2,54,43,20,37,44,-31,45,0,2,47,4,4,-31,48,48,34,34,2,2,29,23.75,0,41.5,0,40,25.5,20,31.25,32.75,42.25,44,20.25,39.25,43,35.25,23.75,0,42.25,45.25,47,0,0,32.75,45.25,16,38,38.25,42.25,0,13.75,37,6.5,0,46.75,-7,37.75,18,25,24.5,0,39,14,0,21,28.5,0,10.25,39.75,32.75,9.75,18.5,50.75,26.75,17.25,4,42.75,28.25,45.25,33,17.25,0,0
-14,-16,-12,-7,-18,-16,10,13,-10,14,-17,-16,8,-16,-18,0,-14,-16,-11,4,-4,26,5,-15,23,-18,21,-8,26,-9,-1,-9,1,-17,20,-11,15,-6,1,-24,33,-31,-27,-7,12,-10,0,-8,-6,-12,-26,-19,3,-16,-40,5,-24,-12,-12,-29,34,-17,-13,38,-18,5,-16,-11,-21,-3,-15,-12,-23,22,-15,-2,-5,-15,-18,-40,2,40,-16,37,-40,17,-40,-40,7,22,40,-32,19,-40,26,-3,-40,19,7,-2,27,41,-14,35,22,-16,34,3,33,-20,0,18,18,5,-13,39,40,11.75,19.5,0,0,14,27.25,12,9,16.75,16,17.5,25.25,25.25,18.5,8,0,14.5,6,18,27,10,30.75,25.75,22.75,24,-5,25.5,21.75,26.75,12.5,6.25,9,23.75,19.5,31.25,27.5,28.5,1.75,0,-14,14,-13,6,3,-3,-5,-6,-16,-16,21,-17,-5,12,-8,4,2,-17,-13,-10,-9,-12,-11,-16,-11,6,-10,1,0,-6,-9,-9,-12,-14,-14,1,-17,-17,-16,-14,4,-12,-11,-1,-15,4,-15,-8,-20,-3,-16,15,-9,-1,-3,2,-18,-4,26,-13,-8,-18,-40,0,-12,-13,-13,20,-40,-3,-15,-9,19,-15,15,-40,-17,-14,34,-5,1,-12,10,-18,28,-20,-18,11,11,-15,5,5,9,-18,-18,-13,14,-40,-11,-17,-40,1,-19,-16,-5,-16,-1,11,-5,-1,-8,-40,-8,-1,38,30,-13,-8,-18,-40,0,-12,-13,-13,20,-40,-3,-15,-9,19,-15,34,25,-17,-14,34,-5,1,-12,34,-18,28,-20,-18,11,11,-15,5,5,9,-18,-18,-13,16,-40,-11,-17,-40,1,-19,-5,-5,-16,-1,11,9,-1,-8,-40,-8,12,27,0.5,7.5,18.25,27.25,11,11.5,7.25,19.5,19.5,24.25,26.5,20,17,11.25,10,-1.5,17.25,11,-8.5,0,28.5,0,27,-4.75,17.75,10,6,-7.75,4,15.25,15.25,-1.25,7.5,7.5,22.75,27.5,27.5,0,-2,-1.75,0.25,9.5,19.75,-15.5,-3.25,9,24,-2.25,9.5,14.25,27,24.5,2.25,26.75,-0.25,7.5,20,37,34,29,16,29,44,-7,-6,-15,9,25,34,37,37,22,41,36,40,32,41,36,34,35,43,39,22,46,37,38,41,30,41,21,29,36,30,33,41,45,35,40,-9,35,42,44,33,-4,32,41,30,37,33,-15,20,24,-11,28,24,-21,41,10,-20,21,38,33,33,1,-32,-16,39,33,30,35,56,34,-5,-1,22,38,23,5,37,-5,37,41,37,34,37,26,19,33,42,22,30,37,28,42,36,41,53,23,35,24,-33,-16,40,37,31,38,40,38,37,35,26,15,-1,-10,38,27,-5,31,-12,1,-8,-3,39,39,40,36,34,24,34,29,-5,32,-15,-22,-9,24,-20,17,3,2,17,-19,-21,7,-33,36,-40,30,33,32,31,28,37,21,30,38,32,42,34,12,33,-17,28,36,11,2,5,30,0,-4,37,25,33,-14,-19,-14,29,21,34,42,30,20,-19,-5,30,-14,-10,-18,-19,26,20,31,1,0,29,22,-20,3,30,36,4.75,-40,26.75,4,16.25,17.25,29.25,30,26.5,-10,24,16.25,20.5,34.25,16.25,29.5,23.75,27.5,25.75,34.5,29.25,27.5,27.5,-0.75,20.75,17.75,25.75,30.5,21.75,31.5,-40,21.5,31.5,6,30,-5.75,29.75,21.75,31,29.25,31.25,18,14.5,27,30.5,24.75,24.75,32,27.25,14.75,24.5,26.5,17.5,23.75,2.25,13.5,26,27.25,32,30.25,18.75,32.5,20.5,23.5,30,26.75,17.5,12,-51,-48,7,-28,-30,-56,-20,-51,-11,-51,-48,-47,-49,-22,-16,-34,-44,-37,-51,-37,-53,-54,-54,-23,-56,-21,-35,-33,-48,-49,-12,-47,-13,-31,-54,-49,-55,-39,-47,-48,-43,-34,-50,-47,-54,-34,-25,-26,-26,-43,-41,-38,-40,-50,-43,-38,-52,-23,-11,-10,-44,-35,-22,-17,6,-11,-14,-19,-16,-40,-1,-12,3,-44,-16,0,-48,-13,-24,-6,-13,-17,-29,-12,-37,-11,-27,-17,-12,5,-20,-2,-3,-1,-7,-31,1,-5,-54,-10,-2,-6,-34,-20,8,-19,-20,-17,-10,-5,-18,-17,-29,-7,-16,-24,-35,1,-15,-8,-4,-28,-6,-12,-77,-14,0,-19,-19,-21,-51,-39,-35,-41,2,-15,-41,-77,-77,-1,-77,-23,-8,-22,-14,-13,-14,-3,-47,-1,-77,-6,-77,-36,-8,-17,-6,-20,-29,-39,-53,-14,-49,-19,-59,-13,-24,-43,-44,-30,-8,-45,-18,-45,-15,-17,-47,-47,-5,7,7,-57,-57,-25,-25,2,-31.5,-9.25,-1.25,-12.25,-6,-23.5,-32.25,-33.5,-23,-11.75,-12.5,-32.25,0,-8.75,-24.25,-22.25,0,-12.5,-13.75,-13,-31.5,-16.25,-13.25,-8.5,-30.75,-19.25,-21,-10.25,0,0,-13.75,-44,0,-27.75,-38.25,-11,-16.75,-37,-27,-10.5,-17.5,-32.5,-7.5,-28,-29.25,-28.75,-32.75,-8.75,-18.75,-36,-35,-6,-31,-26.75,-48.75,0,-23.75,-8.25,-27.25,-25.25,-28.5,-9.75
5,15,-5,-4,-10,-1,-9,37,-8,9,-12,-5,11,2,-8,-2,-2,-2,-8,1,-1,-2,-1,-5,6,5,-2,-6,-10,5,-7,-4,2,-4,-6,-4,1,-1,3,35,7,5,-24,6,27,9,0,12,14,1,0,14,-31,25,-9,-31,19,2,-31,-24,40,-6,-4,1,26,18,0,8,34,23,-5,46,37,41,7,6,7,27,-12,-11,-12,-6,12,-13,-5,25,-11,-7,-11,-11,-13,-11,-12,-9,-6,8,-31,-4,19,-7,4,-5,-11,-10,-5,-10,-12,8,-12,-4,13,-8,-9,-8,-6,-11,19,18,19,10.25,19,10.75,23.5,14.75,7.75,13.5,8.25,11,16.25,26.75,22,10.25,0,19.25,6.25,15.5,27.25,10.5,19,20.25,23.75,17.75,1,14.25,5.75,30.25,10,18,8.25,15.25,26.25,24.5,13,16,21.5,8.75,-1,23,-10,-3,-7,-4,-4,-6,-2,-2,2,1,0,5,-11,-5,12,-3,-4,1,4,3,7,1,-7,-4,1,-7,5,10,-2,-2,7,-10,-10,-7,-11,-11,-11,0,-2,2,-1,-4,7,3,5,-8,3,-6,-5,-7,-3,-8,7,3,-4,2,0,-31,38,2,19,15,12,28,28,17,-31,12,15,3,18,0,3,43,13,-4,5,-31,21,16,13,15,15,-2,24,33,33,-8,-31,-31,1,-9,-9,-31,24,-31,30,-4,2,25,-1,8,-31,-14,12,-7,2,17,5,-3,5,11,5,-6,-31,38,2,19,15,12,28,28,17,-31,12,15,3,18,0,-11,15,13,-4,5,-31,21,16,-12,15,15,-2,24,33,33,-8,-31,-31,1,-9,-9,-31,-5,-31,30,-4,2,25,-1,-31,-31,-14,12,-7,-9,17,5,-3,5,-5,18.5,0,1.75,19,20.25,17.5,6.5,10.5,17.5,17.5,19,14.25,9.75,19,15,-1.5,-0.5,25.5,7.75,-3,2.75,11.25,3,22.25,-1,18.75,15.75,2.25,-1.5,2.25,8.25,8.25,8.75,-1.25,-1.25,24.5,24,24,1.25,1.5,3.5,7.75,13.25,14,-5.75,1.5,6.5,0,-2.25,0,18,23.25,3.5,-3,23.75,11.75,8.5,2,47,43,18,3,37,54,-10,21,-6,33,32,34,50,33,34,55,43,53,47,50,46,44,1,53,51,41,43,45,44,35,40,60,42,37,37,45,16,47,52,39,48,0,40,53,38,35,40,34,36,31,41,47,1,37,-11,45,-6,49,3,44,53,34,36,44,52,47,2,36,23,43,42,27,38,59,38,7,0,34,37,44,49,40,42,46,48,47,36,35,44,12,-12,47,30,45,43,32,54,44,38,51,21,40,36,-24,45,48,47,41,42,51,30,43,43,41,45,46,37,39,39,36,35,40,16,34,-23,48,42,44,48,24,39,8,44,36,35,-9,-3,-12,-8,-7,-10,22,-9,-11,-10,-11,-10,-9,-11,-11,-10,-12,-13,-9,-9,38,-6,-7,-11,-12,35,-10,-12,-12,-12,-11,-11,-7,-9,-11,-13,-12,-9,-11,-11,-2,-12,-9,-9,-10,-11,-11,-5,-12,-12,-12,4,-12,-3,-7,-11,-12,-13,-11,-8,-8,-12,-12,-11,-11,-10,-12,-13,5.25,-31,25.25,7.25,17.75,9,26.5,32.5,26,-8,18.75,26.75,21,28,18.5,27.75,25.5,28.75,24.25,22,29,29.25,25,7.5,19.5,27.5,17.25,-31,25.25,28.75,-31,18.5,30.25,-2.25,29.75,7.75,21.5,18.25,27.75,33.25,23.5,13.5,23.75,24,32.75,22.25,11.25,31.5,28,26.25,29,24,22.5,23.25,6.75,30.5,21.25,33.75,27,26,24.25,36.5,24.25,26,31.25,23.25,22.5,19.5,-6,13,43,-5,34,0,13,-9,5,-11,-3,-5,1,-10,-9,-14,-11,-6,-4,-6,8,-10,-12,4,-1,10,-15,3,-6,-13,16,4,1,2,-8,-7,-12,5,4,-5,-4,-7,-12,-3,-13,6,6,25,5,4,-10,-7,4,-18,-7,-8,-5,1,14,5,-9,10,20,28,49,20,19,8,17,-3,38,28,29,31,16,36,18,15,18,30,38,10,5,23,24,37,14,33,32,41,17,38,38,20,26,35,21,20,-7,23,27,27,40,12,26,9,4,31,25,28,20,19,3,21,3,15,7,29,37,32,19,13,16,36,-17,-15,-19,-38,-38,-16,-1,-38,-6,-38,-38,31,11,-38,-16,-14,-15,-16,-8,36,-38,-12,-38,-38,-38,-38,-18,-38,-38,6,-4,-2,-15,-14,-38,6,-20,-10,-16,-18,-19,-15,-19,19,-5,27,-2,-12,28,-12,-10,25,-13,-13,26,18,18,-14,-14,-13,-13,-16,0,11.25,21.75,-2.75,19.25,8.5,-7.5,2,-0.75,14.75,8.25,3.5,12,15.5,10,0,3.5,16.25,0.75,15.75,11.25,12.5,8.75,18.75,2,10.5,11.25,20.75,16.5,0,19.5,-3.75,0,7,-9.25,11.25,8,0.75,4.25,11.75,19.75,3.75,12.75,10,1,4.75,2,16.25,13.25,-1.25,0,17.25,13.75,12,-5.5,8,-5.75,5.25,6.25,0,4,13.75
-50,-77,-52,-54,-48,-38,-52,-24,-45,-52,-57,-54,-46,-53,-58,-47,-50,-47,-51,-15,-57,-46,-49,-28,-40,-50,-54,-52,-47,-51,-53,-46,-54,-48,-54,-50,-18,-39,-47,-34,-26,-21,-77,-38,-42,-47,-30,-43,-27,-37,-51,-47,-42,-48,-72,-25,-43,-35,-45,-49,-47,-36,-21,-55,-77,-49,-28,-37,-77,-51,-40,1,-13,-25,-51,-28,-15,-39,-41,-36,-3,-6,-39,-7,-38,-5,-49,-37,-39,-3,-47,-67,-49,-8,-18,-77,-52,-38,-48,-48,-16,-68,-42,-41,-10,-38,-30,-43,-32,-50,-49,-47,-15,-30,-41,-72,-41,-11.75,0,-19.5,2,-4.75,0.75,-0.75,-31.5,-6.5,-17,0,-32.75,-3.5,-16.5,-10.25,0,0,-19.5,-14.75,7.25,-0.75,-5.25,1.75,1.5,7,-33.5,6.5,-5,1.5,-16.5,-12.25,-18.5,-16.25,0,4.75,-6.75,0.5,-8.5,-3.25,-50,-53,-45,-49,-54,-77,-57,-45,-55,-55,-55,-52,-52,-54,-45,-46,-49,-52,-50,-38,-48,-49,-49,-55,-49,-53,-45,-52,-45,-48,-48,-48,-56,-55,-55,-51,-56,-56,-49,-55,-48,-53,-55,-51,-54,-53,-51,-50,-52,-54,-52,-52,-53,-47,-44,-49,-46,-77,-28,-16,-23,-50,-41,-34,-45,-36,-36,-17,-48,-45,-54,-48,-50,-38,-43,-41,-51,-48,-33,-24,-48,-45,-38,-22,-77,-43,-45,-77,-77,-55,-29,-29,-25,-24,-24,-77,-47,-44,-47,-32,-26,-46,-24,-25,-42,-53,-48,-54,-34,-41,-38,-24,-47,-20,-20,0,-16,-23,-50,-41,-34,-45,-36,-36,-17,-48,-45,-54,-48,-50,-38,-50,-36,-51,-48,-33,-24,-48,-45,-13,-22,-77,-43,-45,-77,-77,-55,-29,-29,-25,-24,-24,-77,-38,-44,-47,-32,-26,-46,-24,-77,-42,-53,-48,-54,-10,-41,-38,-24,-47,-46,-1.5,-36,-37.75,-6,1.25,0,-0.25,-41.5,-1.5,-1.5,-3.25,-8.25,1.75,-5.25,-13.5,-32.5,-46,-1.25,-17.5,-37,-33.5,-8.25,-11.5,-1.75,-46.25,-32.25,0,-39.5,-51.75,-31,-16.75,-16.75,-28,-50,-50,3.25,-2.25,-2.25,0,-34,0,-23,-7,0,0,-46.25,-37,0,-43.75,-22,-14.5,-14,-27.5,-27.25,-7.5,-32.75,-22.75,-40,-6,-12,-38,-12,-31,3,-53,-42,-53,-37,-38,-31,-8,-5,-32,-5,-26,-9,4,-3,-6,-51,-45,5,-5,-2,-4,-11,-3,-17,0,0,-14,-42,-6,-17,-20,-17,2,-19,-27,-54,-10,-32,-16,-6,-7,-19,-21,-15,-17,-43,-53,-8,-20,0,-23,15,-54,4,-4,-17,3,-18,-37,-43,-22,-44,-27,-4,-9,-17,-7,-1,-30,-45,-49,-11,-18,-10,-9,-29,-15,-21,1,5,3,-44,-15,-11,-2,5,-8,-11,-6,-19,-11,-31,-25,11,-27,-27,-26,-33,-6,-23,9,-12,-47,6,-19,-39,-1,-16,-24,-10,1,-2,-18,-11,-46,-14,-46,-43,-3,-8,-1,3,-20,-37,-12,-25,-19,-11,-16,-41,0,-40,-29,-38,-52,-57,-48,-48,-54,-50,-54,-13,-45,-45,-41,-40,-77,-40,-38,-2,-41,3,-57,-11,5,-8,-53,-40,-36,-30,-54,-43,-49,-27,-47,-46,-4,-52,-56,-44,-49,-55,-43,-17,-36,5,2,-9,-45,-58,-37,-36,-35,-44,-56,-53,-48,-41,-62,-44,3,-4,-29,-58,-21,-36,-49,-15.5,-77,0.25,-2,-7.5,-16,5.25,6.25,-6.75,-55.5,7.75,-2.25,-77,4,0.75,2.5,0.75,1.75,2,-2.5,-14.5,0.25,4.25,-34.25,2,1.5,4.25,7,-77,1.25,-77,-10.5,0.75,-11.75,3.25,-16.25,1.75,-1.5,2.75,1,2.25,-6.75,-2.5,2.75,-0.5,7.75,-77,1.25,1.75,-2.5,0.25,-2.5,-10.25,1.5,-21.5,2.75,6.5,5.5,-1,2.75,9.75,6,5.75,1.5,-14.25,-2.5,-10.25,-8.75,2,1,47,-2,44,-1,1,6,20,-2,-1,-1,2,-4,-1,-2,0,-1,-1,-1,0,1,-2,3,11,12,-2,4,-1,4,6,-2,15,2,1,2,-3,-3,28,-2,-2,2,2,-3,-1,13,2,-2,20,4,2,3,7,5,-5,-1,2,2,14,-1,-5,-2,8,27,48,30,37,9,7,6,39,21,50,17,27,51,44,-1,36,55,32,18,6,36,31,42,40,37,5,32,2,44,21,17,34,35,5,55,12,10,43,43,44,2,13,23,19,23,26,13,19,8,12,31,38,8,50,43,42,21,29,-2,2,51,-1,52,38,39,-26,9,17,-26,40,42,-26,51,-26,-26,-26,8,0,19,50,48,1,17,1,45,-26,-26,-2,-26,-6,36,38,10,37,14,14,9,-5,2,-2,3,48,18,18,10,40,6,35,5,51,5,0,47,4,4,4,35,35,10,10,28,28,48,18.75,48.25,0,42,59.25,45.75,18.5,0,48.25,57.5,53.75,20.5,48.5,55,31.5,34,0,39.25,38.75,48.25,0,0,45,51.75,20.25,52.75,31,54,0,0,55,12,0,42.25,18.5,54.25,38.5,28.75,47,54.75,40.25,51.75,0,42.5,52.5,0,22.5,47,40.5,21.75,0,57.5,39,32.25,6,55.75,42.5,0,42.25,0,53.5,53.75
-12,0,-9,-17,-11,-11,-14,0,-12,-15,-19,-14,-13,-10,-14,9,-15,-10,-17,11,-12,-3,-16,-5,-6,6,-10,-10,-14,-6,-14,-11,-13,-15,-12,-13,-13,-4,-13,0,22,-6,-6,1,5,0,12,-5,1,-9,-8,-2,9,2,-1,-3,5,-9,-3,-8,-6,-9,5,7,-1,-10,-16,1,-38,-8,-10,24,-3,-14,-9,5,-5,-5,41,46,-9,0,6,42,6,40,24,19,15,39,10,37,32,37,7,20,-9,43,-9,38,38,-3,1,-2,-2,7,37,1,-13,-17,11,30,39,35,34,39,-7,0.5,0,0,1,2.25,2.75,0.75,-3.75,4.25,2.75,2.25,-4.5,11,-8,0.25,0,0,-4.75,-2,2,0.25,5,-1.5,11,12,-7.5,5.25,-5.5,23.5,2.25,7,-0.75,-1.75,5.5,10,7,9.25,10,-5.5,-12,-3,-19,-4,-16,-10,-13,-10,-15,-15,5,-6,-12,-16,-7,-12,-10,-14,-13,-14,-15,-7,3,-15,-14,-13,-13,-12,-9,-8,-12,-12,-15,-11,-11,-13,-9,-9,-16,-12,-11,-17,-10,-14,-12,-15,-14,-3,-9,-15,-1,-11,-14,-14,-7,-15,-9,-11,3,-7,1,4,2,-4,-5,0,0,1,-2,-38,28,-9,-14,13,0,16,2,-11,8,-5,20,4,-6,2,-2,1,-14,2,2,-12,-38,-38,0,-10,-10,-9,-8,-1,8,-38,1,-3,-8,15,-10,-12,-8,-1,7,2,-12,2,-38,-7,37,31,-7,1,4,2,-4,-5,0,0,1,-2,-38,28,-9,-14,13,36,31,2,-11,8,-5,20,4,40,2,-2,1,-14,2,2,-12,-38,-38,0,-10,-10,-9,17,-1,8,-38,1,-3,-8,4,-10,-12,-8,-1,1,2,-12,2,-38,34,0,-4,-3,2.5,7.25,-5.25,-3.5,-5,2.75,2.75,-0.5,10,-1.75,3.25,-7,-3,-8.75,8.75,-3,1,0,8.5,-10.25,10.25,-17.5,-3.75,0,-5.5,-5,-1.75,-7.25,-7.25,-8.75,-3,-3,5.25,11,11,0,-2,0,2,-0.5,1,-9.75,-5.75,-4.75,5.25,-7.75,-6.75,1.75,12.75,4.5,0,-3.25,0.75,7.5,-3,7,20,-4,-2,14,41,-14,-8,-16,7,-1,8,14,-3,14,40,-2,45,20,28,28,-2,4,42,40,26,35,18,38,32,31,41,6,26,-3,13,22,20,12,30,-3,-14,40,16,37,4,28,-1,18,12,16,17,-15,18,6,21,4,41,-14,43,3,1,6,-13,35,17,14,-4,-8,13,27,15,21,43,21,14,-14,21,10,4,31,37,12,22,13,54,13,25,0,-12,40,28,39,45,38,-1,9,29,14,37,7,22,9,3,43,20,45,33,4,46,5,16,14,6,10,30,19,27,29,26,-8,0,0,9,45,16,20,42,46,9,31,32,7,26,11,23,38,-1,31,5,2,0,35,41,-18,43,-11,41,36,-7,13,-7,-3,20,33,37,3,24,46,33,38,41,1,17,35,-11,29,16,-5,31,-31,29,19,20,52,33,-8,-16,-4,47,9,39,52,29,-5,-5,0,23,0,-16,33,-9,-13,2,-2,6,-16,30,4,37,-12,23,-3,6.75,-38,-6,15.25,-1,-10.25,13.75,4.5,6.25,-14,9.5,10.75,5.75,17.25,3.75,14,5,14.5,11.5,5.25,18.5,7.5,6.75,-2.5,18,5.5,10,7.25,10.25,13.25,-38,12.25,18.25,3,2.5,-6.25,7.5,1.75,18.75,22,13,5.25,5.25,10.75,19.25,4.75,8.5,13,9.75,21.25,12.25,7.5,8,12.75,6.25,10,18.75,10.75,16.5,8,12.75,12.25,13.5,11.25,5.25,17,8,12,-37,-32,-1,-30,15,-38,-20,-36,-32,-37,-36,-37,-33,-30,-29,-38,-31,-36,-37,-36,-38,-38,-32,-18,-33,-26,-24,-36,-37,-30,-20,-32,-32,-30,-36,-38,-39,-38,-36,-35,-39,-34,-38,-33,-35,-38,-34,-23,-16,-32,-30,-34,-31,-37,-39,-35,-35,-34,-32,-29,-32,-30,-14,-17,3,2,-8,-32,-17,-29,1,-16,-4,-21,-15,-8,-14,-30,-21,2,-8,-14,-30,-19,8,13,-16,8,-28,-12,-31,1,15,-5,-1,-6,-21,26,-36,-22,9,2,-6,-26,-13,19,-11,-23,-4,-20,3,-20,-32,-15,1,-26,13,12,6,-3,3,-16,-15,10,5,-6,8,27,-23,4,-30,-22,3,14,22,-12,-23,11,-37,-34,-33,10,8,-12,-21,-18,-21,16,10,25,15,14,-41,-8,7,-9,13,-9,-23,-14,-37,3,-30,-7,-18,-19,-28,-21,-31,-17,12,-35,19,-35,-29,-22,-7,-7,-28,20,20,-26,-26,12,12,7,-22.5,-8.75,0,-23.75,-14.5,-17.25,-29.25,-17.5,-17.25,-12,-13.75,0,0,-15.5,-27.5,-25.25,-20.25,-7,-11.25,-8.25,-12.5,-11.5,-18.75,-5,-24,0,-22.75,0,0,0,-8.5,-32,0,-25.5,-24.5,-8,-10.25,-26,-29.25,-14,0,-16.25,-16.5,-29.5,-15.75,-14.5,-23.75,-12.75,-14.5,-21.75,0,-12.75,-36,0,-27,-13.25,-20.5,0,-16.25,-20.75,-17.5,0
-3,-10,6,-2,1,-5,-8,16,-1,-4,2,-6,4,-1,-7,-2,0,-1,-5,-1,2,-2,0,-5,-3,-11,37,-5,-15,30,1,2,20,-4,4,1,-3,-1,11,3,26,-1,2,-26,4,4,10,-2,10,0,0,-4,6,6,-26,7,-26,-1,15,23,-3,0,-12,13,31,-26,-26,8,-4,-1,0,-1,-26,38,-3,-1,3,0,-7,-18,48,27,-26,-26,16,45,-2,-18,-3,-8,2,-14,8,-3,21,-26,-1,-2,6,3,13,-3,-6,-26,-13,-5,-5,2,44,-3,27,2,55,1,49,-26,2,-0.5,0,0,6.5,1.75,9,4.25,1,-1,3.75,0,-2.75,29.25,9.75,20,0,25.5,-1.5,0.5,16.5,18,34.5,19.25,14,23,-4.5,14.5,17.25,30.25,4,13.75,5.75,8.25,4.75,39,10.25,10.5,12,7.75,0,4,5,-1,-5,-1,-2,-2,-4,-4,15,3,3,3,-2,4,6,-1,-3,1,15,9,8,-2,-2,1,4,6,4,3,-4,-4,-2,3,3,0,-1,-1,-1,-3,2,-2,1,-3,-5,4,-1,1,-6,1,5,-2,1,-5,0,1,-3,8,1,5,3,0,7,-26,6,10,10,-1,-26,-1,9,0,0,7,0,6,-1,-26,1,29,4,23,3,11,-26,20,14,-5,-5,3,-26,-26,4,11,11,1,6,-26,-26,-26,-1,-2,-1,-26,-26,-18,3,1,3,21,7,1,9,4,54,36,5,3,0,7,-26,6,10,10,-1,-26,-1,9,0,0,7,29,16,-1,-26,1,29,4,23,50,11,-26,20,14,-5,-5,3,-26,-26,4,11,11,1,15,-26,-26,-26,-1,-2,-1,-26,-26,-18,3,1,3,21,7,1,9,-26,38.25,0,-1.25,1.25,18,7.25,-5.75,-4,32.25,32.25,16.5,-0.75,1.25,0.25,15.5,0,-6,17.75,0.75,-0.75,-4.25,25,5.75,25,-5.25,0,4.75,-6,-6.5,-4.5,5.25,5.25,-2.75,13.25,13.25,19.75,13.5,13.5,0,-3.75,-4.75,4,7,19.75,-6,-5,-0.75,14.75,-5.25,-2.75,-0.5,29.5,14.25,-3.75,26,10.5,7.75,-4,0,40,23,50,-5,62,-2,-5,-11,36,8,-2,53,23,0,55,-17,50,56,39,30,64,35,59,54,40,60,38,58,27,57,49,32,53,54,-2,50,3,23,51,38,-4,53,59,46,5,34,-4,53,15,-4,51,2,25,1,-22,49,28,-6,55,35,15,30,49,51,51,4,26,-2,-3,35,37,44,64,42,0,-12,8,17,16,46,40,30,-3,55,58,52,54,-6,48,18,-1,48,31,52,45,0,55,56,52,-2,47,56,-2,52,54,57,37,35,42,53,54,54,9,18,-11,51,3,53,27,58,33,1,19,3,16,57,54,56,1,40,0,53,27,35,-5,-18,-1,10,4,-7,-4,-12,-3,3,-4,13,-15,-20,18,-1,8,-16,6,-21,36,-17,-1,-10,-5,43,-13,-2,-10,-2,-16,-6,-4,-4,-10,-22,-14,-1,-4,-2,-1,-3,-6,7,-4,13,3,-4,24,-16,6,13,-19,26,14,-6,6,-1,3,-20,9,-18,28,-5,0,-6,-19,-3,11.75,-26,30.5,37,6,18.75,27.25,28.5,18.75,-4.25,7,27.75,19.75,37,7.75,35.5,30.75,37.25,33.25,20.25,28.5,30.75,30.75,34.75,24,34.5,9,33.25,22.5,35.75,-26,23.5,30.75,6.25,28.5,5.75,28,28.25,36,30.75,25.25,25.5,25.25,30.25,45.5,21.25,20,39,30,29.5,35.5,32.75,26,33,26.5,36.5,36.75,31.5,31.75,37.25,33.5,29,27.75,16.75,27.5,34,26,0.5,-13,-8,45,-16,28,-14,-8,-3,20,-14,-9,-14,-10,-11,13,-15,-10,-38,-7,-38,-17,-16,-8,5,-11,7,-9,-15,-7,-8,9,-5,-13,8,-16,-13,-8,4,-1,-9,4,-13,-6,-11,-15,-18,2,20,-5,-9,-15,-11,2,-16,-17,-10,-13,-5,16,-2,-9,-16,27,21,39,32,12,0,2,-14,29,40,41,5,29,38,-5,-11,4,32,-38,26,34,-38,40,41,-10,38,34,44,0,6,35,23,34,38,37,40,-4,26,47,38,40,11,42,21,28,1,36,41,30,10,2,42,-6,-5,0,38,27,38,32,28,21,42,-3,42,-22,38,-33,45,-10,44,35,12,-12,12,5,-2,-38,-19,-14,-16,48,15,31,45,31,47,39,-4,37,-38,-11,18,10,-14,21,-14,-14,38,-17,0,-13,-17,29,-18,-1,3,1,-13,41,-15,37,-15,-12,1,-7,-7,37,34,34,23,23,34,34,36,-18.5,-0.75,0,-12.5,5.5,-4.5,-2.5,-1.25,-4.25,1,1.75,1.75,0.5,10.5,-14.75,0,-7,15.25,9,6,-13.25,4,-2.25,16.25,-10.5,-1.75,-10.25,-1.5,0,0,9.75,-10.25,0,6,-17.25,-6.25,-11,-16.25,0.75,12.25,8.5,1.75,15.75,8.5,1,-3.75,-13.5,5,5.5,-12.25,-14.25,5.5,-17.5,-17.25,-15.5,2.75,1.75,-5.75,-11.75,5.75,-12.5,10
-53,-61,-55,-58,-55,-38,-57,-25,-56,-58,-54,-52,2,-53,-45,-18,0,-39,0,-54,-39,17,-3,-56,-32,-58,-19,-7,-58,-37,-56,-38,-3,-57,13,-9,14,-56,0,-57,-61,-57,15,-61,12,-37,-22,15,-31,-53,-61,-31,-61,-2,-55,-61,-61,-5,-61,-51,-56,-58,-61,-14,-49,-25,-61,5,-61,-24,-57,-10,-39,6,-39,-38,-44,-26,-61,-61,19,19,-61,-52,23,18,-61,23,-29,-52,-20,-54,21,22,0,-61,-61,26,28,8,15,14,8,-61,-34,17,15,-17,9,-37,11,-61,14,14,-61,-23,1,1.75,7,0,3,-6.25,9.75,8,-7,0,-1,-8.25,-6.75,8,5.25,-1,0,-3.5,-21.5,0.75,15.5,13.5,8,7.75,5.75,10.5,-18.75,17.25,2.25,-3.5,-11,6.75,-11.25,-2,0,9.5,9.25,6.25,10.75,10.25,-36,12,-61,-61,-36,-58,-27,-59,-38,-38,-4,-56,-32,-50,-1,-61,12,-36,0,-51,-35,11,19,-29,-37,6,5,-2,-48,-4,-57,-57,-39,-54,-54,8,-38,-38,0,-12,-26,-44,-32,-33,-37,-58,-37,-40,-50,-53,-54,1,-35,-61,-18,-36,-8,-61,-61,-61,-61,-14,-14,-25,-61,14,14,-53,-20,-61,-61,-28,-49,-61,-21,-61,-8,-61,-13,-34,-61,-37,-7,-26,-29,-35,-49,-26,-26,-33,-26,-26,-31,-61,-61,-61,3,-61,3,-61,-55,-36,-37,-61,-61,-38,-37,-52,16,-61,-58,-38,-61,-61,11,-31,-61,-61,-14,-14,-25,-61,14,14,-53,-20,-61,-61,-28,-49,-61,13,14,-8,-61,-13,-34,-61,-37,17,-26,-29,-35,-49,-26,-26,-33,-26,-26,-31,-61,-61,-61,-37,-61,3,-61,-55,-36,-37,-61,-61,-38,-37,-52,-18,-61,-58,-38,-61,21,11.75,-18.25,-19,7.25,14.75,3,-9,-10.5,-1.75,-1.75,5.5,-1.25,9.5,2.5,0.5,0,-28.25,7.5,0.5,-17.25,-9.25,15.75,4,-0.75,-14.5,-12,0,-32.25,-22.75,-12.25,-2.25,-2.25,-0.5,-18,-18,-1.75,-0.75,-0.75,-16.5,-22.5,-9,-11.25,18,4.5,-15,-18.5,-18.5,10.5,-13,-9,3.75,15,-3,-8.75,11.5,0,-6,17,0,19,18,-5,10,24,-55,17,-48,-18,20,-52,25,22,9,21,21,29,20,29,24,19,-52,30,18,21,22,9,19,16,13,16,16,18,17,22,15,24,21,21,13,-35,19,21,16,21,9,21,24,-47,18,16,-34,7,-58,-30,-57,20,-39,11,21,25,13,0,20,16,-33,13,-59,31,20,-53,-59,32,21,14,-52,19,23,20,-51,22,17,22,24,24,28,23,31,2,1,22,16,22,24,17,27,24,18,19,13,21,20,-56,13,21,27,15,20,23,19,15,34,17,17,18,13,18,24,19,14,4,25,20,20,18,25,29,10,-52,18,17,18,19,27,-39,0,12,13,-39,21,-36,-21,-6,-46,-46,19,-40,14,11,18,21,-5,15,-44,11,-12,28,-61,16,15,17,-33,-59,-42,-52,-39,-55,15,18,12,13,11,-36,-40,-25,-36,20,20,16,20,10,19,14,-38,-38,-35,17,9,25,-40,-40,-55,19,-30,7,19,18,-61,-38,19,17,-26,-9.5,-61,-1.75,-5.75,-3.5,-2,8.25,13.25,8.75,-32,11.5,0,1.25,12.25,7.75,10.25,8.5,-5.75,9.5,12.25,9.5,7,8,-11.25,9.25,13.75,8.25,11.5,9.25,6.75,-61,-3.75,7.75,-16.5,7.25,-10.75,8,7.75,9.25,11.5,10.5,5.25,-3.5,7.75,10,6.75,-26.5,11,7.75,11.25,11,10.25,-14.5,6.75,-8,9.25,-11.25,7.75,10.5,12.75,13,9.25,11.75,13.25,3.75,16,-14.5,0.25,10,2,62,-3,48,9,40,-2,-29,12,-8,0,-2,5,44,-3,38,27,5,27,-9,-2,38,44,10,18,-6,-8,1,-1,4,-1,37,16,-6,1,-24,10,20,29,-19,24,20,-22,-1,-29,39,-29,40,26,5,-5,35,4,4,9,2,32,44,28,33,47,47,49,56,53,44,4,39,39,49,50,47,3,44,56,45,25,-29,49,22,39,27,50,52,55,10,46,44,61,39,48,60,40,45,37,45,47,-6,43,58,50,53,45,56,45,33,44,43,50,54,27,13,47,36,44,28,44,48,30,46,43,32,49,50,-29,45,49,-29,52,2,-29,51,67,19,46,44,-29,-29,-5,28,-29,54,51,-16,-29,-16,-29,37,50,-5,62,-8,48,-3,50,48,48,-29,43,-8,35,-2,40,-29,-2,-29,44,17,58,52,6,48,6,46,54,32,32,47,11,11,44,44,18,18,51,18.75,45,0,37.25,43,6.5,17,29.75,41.25,43.25,47.75,23,0,47.75,30,19.75,0,41.5,0,46.5,37,21.75,33.75,40,26.75,46,34.25,41,0,0,42,16,0,46,14.75,43.25,38.25,29.5,24,48.75,43,28.5,46.25,28.25,37,0,29.5,48,41.5,11.75,18.25,43.75,0,33.75,11,0,37.75,0,41,0,28.75,45.25
-3,-9,-14,-10,-18,-1,-6,17,-11,5,5,-17,13,-2,-31,-16,-14,2,6,28,-5,17,15,-9,2,-4,13,7,-16,9,-14,-13,-2,-11,-5,-13,4,-11,-2,-38,0,-38,3,4,29,-26,-10,21,-6,12,-14,-8,-4,30,-35,-10,18,-12,22,25,35,-4,32,34,41,-7,24,38,-32,3,22,28,29,1,-10,-38,22,-10,-21,-13,-13,-12,-6,-14,-14,30,-14,34,-16,-17,-15,-17,-18,-15,-8,5,-17,-2,-3,-19,-34,-17,-18,2,-15,-14,-12,-10,-4,-18,-4,-15,16,2,-15,-16,-1,8,10.5,0,22.25,23,9.5,15.5,2.75,7.5,7.5,8.5,3.25,19.75,20.25,16.5,6.5,14.25,8.5,10.75,23.5,12.25,20.5,10,22.5,24,-2.25,22,22.75,25.5,11.25,6.5,6.25,14.75,18,21.5,20.75,11,10.5,16,-5,8,-16,-13,-17,-2,-7,9,-8,-8,-6,-6,8,19,-8,18,3,-6,20,-9,10,0,-11,17,-8,3,-10,-5,-5,0,0,0,1,-9,-9,-5,-12,-12,-12,-8,-15,1,-15,-10,-8,-16,-16,7,6,-12,-12,-7,-14,18,11,-10,-10,-1,18,3,8,-13,-38,2,12,-26,-26,34,-6,-14,24,-6,10,-38,17,-4,10,-13,31,6,-38,19,21,-38,0,3,11,7,7,-6,10,10,13,2,2,-6,28,-38,20,-15,18,4,-7,-6,-10,2,-10,-11,14,9,-9,28,11,-6,-15,10,3,8,-13,-38,2,12,-26,-26,34,-6,-14,24,-6,10,-38,0,-15,10,-13,31,6,-38,19,11,-38,0,3,11,7,7,-6,10,10,13,2,2,-6,1,-38,20,-15,18,4,-7,2,-10,2,-10,-11,-16,9,-9,28,11,6,20.5,0,7.25,14.25,20,15,7.75,-0.75,23.75,23.75,16.75,16.5,18.75,8,15.25,3.75,-6.75,22.75,9.25,4.25,3,23.75,9.75,23.5,-5.75,8.75,0,-1.75,-7,2.25,4,4,-0.25,2.25,2.25,20.5,14.25,14.25,0,0.75,4.25,-1,22.5,20.75,-1.75,-3.5,3.25,18.75,17.25,4.5,12.25,21,7.25,1.25,17.5,5,9.25,26,20,29,4,24,32,42,2,21,-15,15,37,39,40,32,29,40,-11,34,32,35,42,34,-1,42,39,30,30,0,37,22,39,41,18,31,4,2,-33,42,42,27,20,-16,36,34,21,19,8,39,16,12,43,-6,-12,-10,-6,-34,-27,34,-5,-1,41,29,29,34,40,-6,5,18,-33,30,31,34,-14,42,38,13,-14,23,29,33,-11,30,30,7,34,-35,21,25,-2,33,14,-26,28,36,36,-23,45,35,33,41,21,30,30,18,-35,42,38,31,-13,-14,32,24,-9,-4,40,31,-15,-20,35,-27,26,1,-12,27,-17,36,6,44,41,-13,42,11,-10,-27,26,-12,0,-15,-21,-7,-5,5,-16,5,-29,-20,-20,-17,-17,-16,21,-20,-19,-18,-18,-16,-10,-18,-17,-17,42,-26,-19,-18,-31,-33,21,-18,-12,-17,-33,-20,-16,-16,20,-9,-18,-19,-17,5,-7,-15,32,-3,-16,-19,-20,-18,-3,-5,-16,-21,-17,-16,-17,-19,-20,32,-18,-30,-19,-18,-28,2.25,20,14.25,21.75,3,3.5,22.25,21.5,18.25,-7.75,28,12.25,13.5,24.25,19.75,19.5,26.75,23.75,21.5,25.25,11.75,23.75,25.5,-4.25,21.25,28.25,14.5,21.5,17.25,24.25,-38,13.75,23,6.5,16.5,-1,16.25,13,20,23.75,19.5,15.25,16.75,20.5,22.5,19.5,17.25,25.75,28.75,10.5,21,24.25,23,23.5,-1.75,25.25,26.75,21,24.75,21,21,23.5,21.5,22.25,20.75,19.75,23,12.75,-41,-49,-2,-22,-7,-38,-27,-26,-25,-78,-48,-25,-57,-46,-51,-42,-34,-43,-27,-43,-49,-32,-55,-28,-41,-28,-43,-47,-45,-35,-16,-38,-39,-19,-42,-34,-59,-28,-46,-50,-45,-52,-46,-46,-54,-33,-20,-17,-36,-31,-41,-24,-45,-46,-51,-43,-53,-17,-33,-22,-37,-38,-27,-32,3,-25,-8,-33,-29,-56,-14,-23,-5,1,-14,-50,-54,-33,-12,-15,-6,-25,-33,-51,-40,-13,-26,13,-30,-5,-18,-1,-11,-11,-22,-10,-15,-34,-54,-21,-5,-55,-8,-25,-15,-31,-40,-8,-12,-20,-18,-29,-45,-8,-35,-23,-33,-13,-14,-22,-8,-34,-19,-12,-11,-53,-60,-24,-42,-1,-54,-10,-52,-78,-9,-8,-38,-78,-54,-57,-55,-50,-12,-38,-32,-17,-32,-78,-78,12,-29,-78,-59,-12,-14,-38,-3,-56,-39,-35,-60,-51,-54,-57,-55,-53,-59,-33,-23,-38,-13,-47,-15,-47,-44,-23,-58,-58,-9,-15,-15,-13,-13,-50,-50,-78,-39.75,-17.75,-11.5,-37.25,-11,-37,-37.5,-26.25,-24.25,-16.75,-21.5,-34.75,-18.75,-22.25,-37.25,-33.5,-25.75,-10.75,-24,-17,-32.75,-38,-22,-12.75,-32.25,-16,-19.25,-17,-25.75,-28,-17,-33.75,0,-32.25,-49.75,-22.75,-36.25,-44.5,-22.25,-20,-16.25,-38.75,-17.75,-36,-18.5,0,-29.75,-14.75,-32.5,-44.75,-33,-10.25,-23.5,-34.25,-49.5,-23.5,-29,-19.25,-24.75,-33.75,-29.5,0
1,-20,-9,-7,8,5,-3,27,2,24,-9,-5,18,15,-8,23,14,1,5,17,1,13,19,-1,17,20,17,1,0,8,2,9,-1,14,0,6,-1,21,19,-17,52,-8,-14,36,29,4,1,47,12,6,18,23,55,41,-26,-27,31,2,12,36,44,19,12,-3,41,3,13,47,-4,36,2,29,31,42,0,33,6,22,4,37,-5,-6,-8,21,-20,5,-9,-9,-1,-3,-9,-17,39,-12,5,-1,-29,-8,-9,0,-10,-7,-1,-4,-5,-9,-2,2,-9,-10,2,17,24,-10,40,12,-7,0,1,7,30.75,8,14.5,14.25,1.5,-0.75,0,-4.75,-9.75,21,21.25,1,-1.5,1.75,-3.25,-0.75,23.25,20.5,24.5,12.75,23.25,15.25,-4,13.25,14.5,15.5,16.75,2.75,5.25,6.75,11.25,29.5,7.25,9.75,11.75,12.5,24,0,2,-7,-8,-3,-5,1,-1,-1,10,16,-1,13,2,4,14,1,3,13,1,20,1,27,-6,-1,16,18,19,-1,9,9,50,16,16,23,-8,-8,-7,29,22,4,1,-2,-5,10,-7,29,7,0,10,6,17,-7,6,6,13,7,18,5,13,34,10,28,38,13,13,51,-29,45,19,49,29,31,7,-29,1,14,43,8,15,13,14,9,-29,27,41,26,26,-2,22,22,-29,-4,-4,32,30,-29,-29,-1,17,19,28,1,9,23,2,37,47,45,19,3,6,29,14,-8,5,13,34,10,28,38,13,13,51,-29,45,19,49,29,31,-4,-3,1,14,43,8,15,13,-5,9,-29,27,41,26,26,-2,22,22,-29,-4,-4,32,-4,-29,-29,-1,17,19,28,-7,9,23,2,37,-9,45,19,3,6,-5,15.5,0.75,-3.5,9.75,8.75,3.25,-6.75,-4.5,-4,-4,13.25,-0.5,7.75,10,8.75,-4.75,-6.25,14.75,0.75,-5,-5.75,20.5,8.5,16.75,-6,-1.25,0.75,3.5,-9,4.75,-2.25,-2.25,-3,-7.75,-7.75,23.75,26.75,26.75,-4.5,-1.25,-4.5,-0.75,22,9.75,-8.25,-8,-5.25,11.75,4.75,-2.75,10.75,22.5,2.5,-8.5,10.75,4,3,5,46,38,33,38,34,52,-2,34,0,39,36,35,33,34,46,50,51,46,44,44,53,40,23,52,49,39,47,47,48,30,50,51,32,38,43,-16,34,50,53,38,52,-3,49,52,45,39,29,40,47,44,43,44,-7,42,50,46,-24,42,0,51,44,33,42,42,40,44,37,45,30,43,43,22,43,64,46,32,-13,38,35,46,47,28,43,48,43,49,40,46,50,46,24,52,35,39,44,36,52,46,45,52,34,47,37,50,50,50,52,41,46,54,40,43,46,48,48,41,41,-8,42,40,39,39,-9,23,7,54,49,54,42,51,41,37,35,40,41,-8,-5,-6,-10,-11,15,4,-16,-3,-8,-24,-10,-7,-10,9,-4,-9,-6,-5,-8,37,-3,-10,0,-9,48,-1,-7,-5,-6,-12,-5,-5,10,-5,-29,-17,-6,-25,-9,-24,-6,-10,-2,6,-23,-8,-8,17,-6,-10,-11,-4,-7,-7,-9,-6,-10,-9,-3,-9,-9,3,-10,-7,-10,-4,-10,6.5,13.5,23,9.5,2.25,8.75,17.75,12.5,24.5,-9.75,19.25,28.5,14.5,18,6,18.25,17.5,21.5,17.25,28,27.5,15,24.75,9,7.5,20,11,11.25,6,18.25,-29,8,21.5,3,25,-4.25,21.5,2.75,22.75,28.5,17,13,11.5,19,29.75,27.75,19.75,29.75,20.75,18.75,23.75,9.5,24.25,22.75,-1.5,2.5,21.5,21.25,26.5,15.75,19,24,19.5,16.5,21.25,21.5,24.25,23,0,2,24,-3,22,-9,-2,-32,9,-18,-27,5,-9,-26,-44,-9,-27,-13,-1,-13,-10,-14,-14,-11,-21,-6,-26,3,-27,-18,12,-26,8,-30,-31,-1,-30,6,-8,-18,8,-13,-8,-7,-8,-15,-7,-20,-9,-4,-25,-19,4,-29,-26,-19,-26,-3,7,9,7,6,12,16,26,20,16,20,-2,-20,25,9,20,10,9,16,15,-7,16,0,28,9,-25,12,22,28,5,35,13,29,2,17,22,5,9,8,16,12,-24,7,7,1,17,1,-26,6,1,6,4,-17,28,-7,-9,6,8,0,-1,11,9,8,2,-3,7,4,-30,-6,19,13,25,-11,-30,-53,9,26,17,9,-22,-53,-32,-32,-32,-6,15,-7,-33,-26,-33,22,-53,28,-53,24,-33,-24,16,-25,-22,-30,-53,5,-28,-30,-33,-35,-29,-22,-30,16,-27,-15,14,-25,12,-25,-31,-10,-31,-31,-7,14,14,28,28,-23,-23,-53,-32.5,-6.75,-0.75,-30,-15.25,-30.25,-28.75,-19.25,-12.5,-9.25,-12,-12.25,-5.75,-9,-26.75,0,-14,-11.5,-10.5,-14.75,-8.75,-28.5,-10,4,-22.75,-4,-29.25,-1.5,0,0,-6.75,-31.75,0,-4.5,-25,-17.5,-25,-6.25,-17,4.5,-3.25,-28.5,-4.5,-10.25,-22.25,0,-30.75,-16.25,-13.75,-28.25,-26,-2.5,-30,-18,-32.75,-13.75,-15.25,0,-5,-11.75,-8.75,-5
-64,-32,-58,-4,-60,-27,-48,-52,-50,-21,-12,-13,-78,-74,-7,-78,-15,-29,-50,-71,-51,-10,-53,-16,-4,-15,-7,-21,-6,-18,-59,-47,-19,-9,-14,-65,-10,-39,-75,-78,-5,-12,-78,-3,-25,-55,-78,0,-2,-78,-48,-39,-51,-24,-78,-78,-5,-78,-38,1,-9,-46,-78,5,-8,-78,-1,-3,-43,-78,-78,-23,-5,-11,-78,-78,6,-1,-78,-6,-5,-78,-78,-15,5,2,-7,0,-54,1,5,-30,-78,-78,-78,-78,-78,-5,-48,-3,10,-78,-55,2,-54,-2,-51,-10,0,-2,-8,-1,5,-42,11,-78,-3,1.25,0,0,0,-3.75,-2.25,3.5,0.75,-0.25,0.25,0,-11.75,-0.25,3.25,-9,2,-4.25,0,-8.25,3.25,8.75,7.75,-7.25,0,0,-17.5,4.75,-0.5,1.5,0,0,-1,2.25,-2.5,6.25,0,6,5,0,-78,-26,-78,-25,-78,-78,-78,-78,-43,-43,-8,-8,-38,-43,-6,-37,-30,-57,-78,-47,-78,-4,-19,-78,-42,-13,-20,-10,-50,-38,-72,-72,-44,-75,-75,-36,-53,-53,-39,-9,-17,-30,-43,-50,-1,-13,0,-44,-55,-71,-3,-15,-48,-78,-27,-5,-9,-26,-78,-12,-78,-4,-78,3,-44,-42,-42,-2,-14,-54,-7,15,-13,-10,-78,-32,-33,-52,-1,-78,-29,-30,-23,-35,-52,-6,-36,-30,-30,-57,-78,-78,-15,-78,-78,-78,-5,-51,-2,3,2,-6,-78,-10,5,-40,-52,-23,-9,-5,-78,-10,-78,-78,-6,-5,-12,-78,-4,-78,3,-44,-42,-42,-2,-14,-54,-7,15,-13,-10,-2,-78,-33,-52,-1,-78,-29,-30,-2,-35,-52,-6,-36,-30,-30,-57,-78,-78,-15,-78,-78,-78,2,-51,-2,3,2,-6,-78,-78,5,-40,-52,-23,-40,-5,-78,-10,-78,-7,6,-23,-8.75,2.75,0,-3.75,0,-14.5,-6.75,-6.75,-2.5,3.5,4.75,3.5,0,0,-22.75,1.75,-5.25,-24.25,-8,0,0,1,-38.75,0,0,-51.25,-33,-3.25,-10,-10,-8.75,-40.25,-40.25,7,5.75,5.75,0,-21,-2.5,-19.5,10,0,0,-27.75,-23.25,0,-15,-2,-1.25,-4.75,0,0,-3.25,0,-8,3,1,10,0,-4,2,9,-51,-2,-76,0,6,6,4,6,5,11,2,12,0,5,14,-6,-1,0,3,6,10,3,9,4,3,0,-6,2,-2,3,3,0,3,1,0,-24,2,-2,1,3,-13,-1,7,4,8,-2,-53,0,3,0,1,5,-2,13,3,5,6,1,-6,-2,-3,5,-4,3,3,-20,1,7,-6,-5,-74,2,-7,5,10,12,0,3,6,2,3,11,4,0,0,4,-4,-7,7,11,10,2,6,13,-6,-1,1,-16,4,8,4,4,5,3,-2,5,6,1,-8,5,0,-2,-1,-3,-3,-3,6,0,4,3,-7,9,3,5,-6,1,1,-3,-9,-52,-78,-78,-71,-73,3,-58,-23,-34,-76,1,-78,7,-55,0,4,3,-14,4,5,-1,-58,0,-49,-3,-4,2,-48,-46,-56,3,2,-13,-33,-2,-78,9,-54,9,11,-7,-59,-55,-2,-2,-2,6,-2,7,-28,-75,-57,-8,10,0,-53,-55,-7,-14,-3,-51,-2,11,5,-78,-17,-8,-60,-0.75,-78,-10.5,1.25,-14.25,-25.25,3,10.5,4.25,-30.75,7.25,-10,0.5,4.25,-12.25,3.75,-4.25,2.25,4.25,0.75,-13.75,6.75,6.75,-2,6.5,-2,1.5,2.75,-3.25,5.75,-78,-1.5,7,-24.5,-2.75,-24.25,5.25,0.5,2.5,3,-2.75,-10,-10.75,0.75,5.5,7,-14,2.75,1.5,-10,2,-78,-12,3,-16.25,-1.25,3.25,3.5,3.75,5.5,1.75,4,1.5,-2.75,-2.75,1,-12,-8.75,8,3,56,37,54,-1,48,11,46,26,5,5,-1,44,51,-2,41,2,36,2,-1,18,40,39,13,-28,9,-5,6,26,41,19,21,20,12,4,4,17,28,45,49,26,41,13,-4,-2,25,39,43,3,5,35,39,17,-8,33,32,12,43,44,31,45,36,52,59,45,49,55,50,58,50,49,45,46,45,51,52,48,53,42,54,36,47,37,50,60,31,52,47,53,28,46,47,30,52,43,49,54,42,41,59,43,55,28,54,54,30,47,32,53,57,21,18,44,31,36,63,56,47,41,43,42,45,52,9,51,49,-28,-28,61,10,-28,-28,5,21,33,35,41,4,-4,-10,45,56,-28,-28,-28,-28,61,36,-28,-2,47,-7,40,53,48,45,27,7,24,-28,40,-4,9,-28,35,51,37,37,31,43,-2,43,-2,49,50,44,44,44,35,35,54,54,19,19,53,30.25,50.25,0,40.5,50.5,29.5,38.75,42.5,46.5,53,45.75,32.5,0,50,0,31.75,0,51.75,49.75,49.75,49.5,40.25,42.25,54,39,47.75,48.75,52,0,0,51.25,12.5,49,45.25,27,52,13.5,33.5,42.25,48.25,50,37.75,0,44.25,43.5,48.5,41,55,48.75,26.25,33.5,56.5,30.5,47.75,23.25,50.5,49.5,49,44.5,39.5,44,0
-28,-23,-32,-31,-32,-30,-22,-16,-32,-25,-43,-26,-22,-29,-30,-31,-30,-33,-29,-14,-30,-30,-21,-25,-12,-30,33,-32,-30,-25,-34,-27,-19,-25,-29,-31,0,-32,-30,-43,33,-29,-39,-1,-15,-26,-53,-34,-15,-20,-29,-11,-47,-16,-45,13,-25,-32,-53,-30,14,-24,-25,-14,-8,-53,-16,-17,-25,-28,-33,-53,-49,-14,-4,25,-30,-9,-29,22,-25,-32,-10,-32,-45,29,-47,21,-29,16,-53,-36,27,-33,-14,-18,-29,-33,-28,-14,-14,13,-23,12,-33,-22,-19,-20,17,-30,-21,16,24,16,22,23,-14,-2.5,0,10,16.25,15.5,14.25,2.5,5,0.75,5,0,-3.5,19.5,12,4.5,10.25,0,3.5,-5.5,14,14.75,12,15,8.25,11.75,-5,10.5,23.75,9.25,-4.5,1.5,-1.5,2.75,-3,17.75,0,9,13,0,-25,-21,-53,-22,-29,-29,-28,-26,-32,-32,-22,-26,-29,-26,-26,-29,-19,-22,-27,-31,-23,-5,-32,-31,-28,-30,26,-28,-26,-19,-31,-31,-30,10,10,-27,-32,-32,-33,-32,-30,-24,-31,-32,-30,-29,-25,-28,-32,-31,-29,-24,-27,-33,-30,16,-28,-22,-18,-26,-23,-3,-53,-12,-1,-16,-16,-30,-53,-1,-21,-28,-16,-26,-10,-9,-30,-53,-13,6,-12,-23,-4,-18,-30,-19,-7,-19,-19,-30,-53,-53,-11,-53,-53,-28,-23,-28,-26,-2,-43,-28,-5,-22,-53,-24,-24,-27,-53,3,-23,-15,-53,2,29,16,-26,-23,-3,-53,-12,-1,-16,-16,-30,-53,-1,-21,-28,-16,-26,22,28,-30,-53,-13,6,-12,-23,-4,-18,-30,-19,-7,-19,-19,-30,-53,-53,-11,-53,-53,-28,-26,-28,-26,-2,-43,-28,-5,-19,-53,-24,-24,-27,23,3,-23,-15,-53,-10,14,-10.25,-0.25,-4.5,9.5,3,-7.25,-2.75,5.5,5.5,7.75,8.75,8.75,-8.5,11.75,-3,-11.75,10.5,-6.25,-12.5,-7.75,3.75,-0.5,15.25,-19.5,-1.25,0,-26,-15.25,-9.5,-12,-12,-9,-15.5,-15.5,13.75,4.75,4.75,0,-8.5,0,3.25,10,-1.25,-18.75,-13.75,-2.75,1.75,-19,-10,0.25,3.5,6.25,0,7,0,0,-15,31,2,4,4,27,29,-25,15,-26,26,-16,5,23,10,15,27,8,19,27,27,21,23,9,28,30,10,25,20,31,24,28,24,-15,22,21,6,21,33,18,16,7,-30,20,26,18,29,16,14,17,22,26,21,-32,-19,25,-14,9,28,-27,24,20,14,27,30,27,21,15,-10,24,16,18,-35,15,25,18,11,-32,28,2,22,5,24,24,35,30,29,19,26,25,18,-11,30,19,20,16,19,25,35,20,29,20,15,12,-8,24,38,28,5,30,-5,10,25,26,17,19,6,26,21,31,5,15,-22,19,-1,11,12,32,26,27,-31,18,20,8,5,32,-20,19,-29,12,16,-33,-32,-31,2,-32,-26,-13,-25,32,-14,-33,-21,-27,-27,-29,7,23,-28,-29,25,24,-32,-33,-36,-15,-31,16,-30,-29,-4,-49,-47,17,-22,13,-33,-32,-22,-9,22,-13,-36,28,-13,-30,7,-34,-27,-37,20,-25,-30,-53,5,-32,-31,-5,18,29,-30,-27,-27,-37,-3.75,-53,14.25,9,4.25,-2.75,17,19.75,9.25,-26,17,4.75,10.75,19.5,13.5,16.25,15.5,8.5,17,17,15,12,21.25,11.75,15.75,6,12.25,12.25,12.25,12.5,-53,12,18,-6.25,10,8,15.25,10.25,18.75,17.5,12.5,7,4.75,16,19,11,-0.25,16.5,10.5,-0.25,15.5,13,2.75,7.5,-1.5,12.5,15.5,19.5,15.5,21.75,16,14,17.25,15.5,13.5,10,2.75,2,23,28,73,21,67,25,50,28,53,23,27,22,25,32,36,29,20,22,34,22,20,23,20,46,23,21,26,24,24,29,33,26,22,36,22,24,24,23,27,24,26,27,21,23,22,25,31,31,33,25,24,38,25,24,22,23,22,26,38,33,54,30,67,48,83,64,70,62,31,36,57,73,81,62,36,78,75,34,64,74,77,61,58,37,65,77,66,82,71,70,34,74,77,53,62,74,42,75,36,47,65,48,71,53,67,75,41,37,65,51,51,42,32,65,33,38,35,75,74,75,68,40,55,75,66,75,70,37,24,29,25,49,85,61,0,44,76,37,28,21,27,57,75,35,34,67,34,69,0,66,34,71,0,63,74,34,79,30,38,37,23,73,26,31,75,64,44,33,32,44,55,31,71,31,21,57,25,25,56,79,79,26,26,40,40,52,36.75,0,61.5,56.75,62,50.75,47.5,54.75,61.5,65.25,73,40.25,55,61.25,48,45.25,0,59.25,55.25,67.75,51.75,63.25,63.5,68,51.5,64.5,59.75,67.25,0,52,59,42,68.5,66.25,43.25,61.75,52.5,40,43.75,65.25,71.5,57.5,62,64.5,59.25,51.25,44.25,61,0,43,44,68.25,43,42.5,44.25,62.75,54.75,0,60.25,47.5,57.25,0
19,13,0,-5,4,1,6,12,-5,-1,-7,-2,1,-3,-7,-2,-3,0,-6,29,-7,-1,0,0,-5,-7,13,-2,-4,10,-4,-3,2,1,-4,-4,10,-3,-6,-28,56,-5,-21,-3,39,12,10,-28,25,-6,-28,-21,-7,-7,-14,9,3,15,-3,46,18,-2,28,-20,31,24,-8,-1,29,4,-4,-28,25,44,9,1,54,-11,39,47,-22,37,-6,43,5,41,9,46,51,24,35,-8,43,-12,41,23,-5,44,28,1,30,32,33,18,42,-24,6,17,37,-4,15,48,31,37,43,0,41,-3.5,1.75,10.5,0,4.25,10.75,6.75,4.75,-2,4.25,-1.25,-6.25,12.25,3.25,0.5,0,8.75,16.5,-1.75,15.75,26.5,16.5,5.75,16.5,13.25,-5,9.75,16.75,20,1.75,8.75,1.75,2,13.5,17,13.5,9.5,12,4.75,-4,11,0,-4,-1,-3,-5,3,-2,-2,-6,-4,11,-3,-4,-8,7,-8,1,0,-28,8,11,4,-3,-2,-3,16,-7,-4,11,11,-6,-5,-5,17,-2,-2,-3,-5,-3,-5,15,-1,-4,-7,-1,7,-5,-7,-1,-6,4,-3,-2,25,-4,-28,40,-28,37,3,6,-5,1,41,41,21,-28,-4,-28,26,-3,27,1,29,-2,-1,-3,2,41,0,13,15,0,14,36,-28,-28,-2,-28,-28,13,36,36,-28,24,-28,31,-28,9,14,14,-28,-5,-1,27,33,24,38,19,32,0,28,42,40,-28,37,3,6,-5,1,41,41,21,-28,-4,-28,26,-3,27,51,35,-2,-1,-3,2,41,0,9,15,0,14,36,-28,-28,-2,-28,-28,13,36,36,-28,-28,-28,31,-28,9,14,14,3,-5,-1,27,33,52,38,19,32,0,49,18.25,-3,-4,1,15.5,4.25,-2.25,-3.5,3.25,3.25,17.25,12.5,6.75,2.75,5.5,-0.75,-6.75,17.5,-3.75,4.25,-3.75,10,2.25,14,-8.5,-0.5,0,-3,-6.25,-5,-1.75,-1.75,-6,-4.75,-4.75,7.75,7.75,7.75,-2.75,-3,0,1.25,5.5,5.5,-6.25,0,0,-0.5,2.5,-4.75,6,1.25,8.75,-4.25,17.25,8.5,5.5,9,44,14,35,8,34,54,-4,-1,-12,6,47,-15,36,33,47,43,15,53,47,44,-4,35,52,54,47,39,59,46,60,-6,48,53,46,28,46,39,-7,51,57,44,51,-4,52,49,50,38,44,51,54,23,52,-2,-8,24,38,49,3,22,-6,45,49,44,42,32,12,-2,-16,48,52,34,33,8,46,56,32,18,10,31,36,43,48,40,41,54,53,52,35,45,41,48,-9,54,51,43,44,31,29,42,47,44,24,50,56,-3,41,48,49,34,41,-5,51,50,44,12,45,46,46,47,42,8,50,10,9,23,20,50,57,44,59,2,47,37,47,8,34,-3,-5,-16,37,-23,28,-16,25,-21,-21,40,22,-5,41,49,39,35,35,-22,-23,47,52,20,-22,27,52,17,41,-24,34,7,26,-5,15,31,-6,36,38,45,50,-24,-7,-9,44,48,50,-19,52,39,37,-20,-10,26,-18,44,-13,39,-18,44,41,45,-20,21,16,-19,41,26,-5,7.75,-28,17.75,17.5,9,6.75,17,19.25,15.75,-8.25,12.25,17.5,17,14.25,9,19.5,25,20.75,20.75,17.5,10.25,18.25,16.75,14.25,18.25,15.5,6.25,15.75,15,16.75,-28,13,19,5,19.75,7.25,18.5,3,20.75,24.75,17.25,-1.5,7.5,19,19.75,20,-6.25,19.75,23.5,13.75,18,13.25,20.75,21,0.75,17.75,14,17.5,21.75,20.75,13.5,19.25,18.5,18,19,14.5,20.75,1.25,27,31,80,22,71,34,37,25,27,30,24,25,24,29,38,32,26,28,29,28,26,24,23,34,44,40,23,24,26,29,9,33,40,29,24,23,20,53,50,22,51,35,23,29,25,29,43,24,48,33,26,33,36,24,20,24,24,26,30,27,37,38,62,49,82,54,66,56,28,48,77,65,74,36,43,24,39,48,69,64,76,61,48,71,67,80,43,78,65,61,57,75,72,57,64,57,66,80,66,49,55,54,75,29,80,26,57,47,56,52,44,35,41,58,36,23,23,34,67,54,60,39,35,66,65,79,8,50,84,15,37,36,69,76,0,67,24,0,17,3,26,80,79,64,35,70,35,73,74,72,26,80,25,67,70,66,52,26,53,37,26,32,25,52,68,25,73,44,0,26,76,67,64,67,24,72,22,22,31,75,75,70,70,59,59,86,26.25,31.75,42.75,38,0,37.75,28,39,42.25,43.5,47.75,27,30,45.25,22,26.5,27.75,38.5,31.5,50.25,28.75,43.25,0,46.5,31,40.75,32.25,39.5,0,22.75,39,19.25,0,37.75,25.75,38.25,0,24.75,21,44.25,40.5,37.5,47.25,36,44.5,39,21.75,38.25,32.5,28.25,25.25,53,24.25,30.25,21.75,39,44.5,36.25,32.5,27.75,40,0
